Name,Followers
pewdiepie,"829,089"
tugaygokyt,"490,445"
hazretiyasuo,"363,566"
atadogann,"338,662"
neotoprak,"172,639"
barisozcan,"161,065"
abbasyanbasan,"152,406"
mertcanbahar,"134,225"
enesbatur,"132,708"
fatihsayar,"113,093"
egoistpati,"107,812"
cinavar,"80,061"
elanur,"72,194"
esportstr,"71,869"
mezarci,"69,577"
doch,"69,482"
cellatiniz,"68,991"
oguzaslan,"68,808"
enesavciyt,"67,270"
dlive,"62,294"
hizlivecilgin,"62,273"
philgodlewski,"60,860"
thesaltycracker,"60,839"
pewdiepie-replay,"59,252"
deniztoma,"57,386"
nickjfuentes,"55,038"
muhammetyt,"54,087"
technopatates,"50,987"
redjepi,"50,820"
mirai,"49,016"
nadexe,"47,726"
alihansapmaz,"47,385"
buko,"47,360"
matthdgamer,"46,348"
xmrsaura,"43,014"
ceren,"42,280"
eren,"41,886"
getawaydriver,"41,612"
busutv,"41,431"
erenaytuncel,"41,332"
benfatik,"41,311"
acunn,"39,839"
marfooglenews,"38,619"
oaonair,"38,283"
samueleckert,"38,268"
mocker,"37,972"
kobelyuss,"37,894"
ilovewinter,"37,405"
burakkuloglu,"36,785"
vonsofficial,"36,179"
toska,"36,061"
kuzeyn,"35,935"
voilal,"35,167"
serenayaka,"34,566"
y4k7t,"34,213"
bitteltv,"33,717"
paranoidyoutube,"33,481"
kursat,"33,433"
teuf,"33,269"
fozee,"33,147"
psb,"32,704"
porcays,"31,682"
dahboo7,"31,481"
jin,"30,594"
funnyhoodvidz,"30,046"
lutz,"29,752"
owenbenjamincomedy,"29,744"
xposed,"29,565"
seraozmay,"29,431"
snnkcl,"28,950"
theralphretort,"27,177"
blanked,"26,895"
yarenbasyigit,"26,565"
blondebixi,"26,249"
candravero,"26,103"
foss,"25,996"
secobuya,"25,901"
foxer,"25,892"
mamis,"25,653"
primeedd,"25,222"
boschimo,"25,208"
cuneytozdemir,"24,898"
gamebedel,"24,788"
redpill78,"24,567"
x-acs,"24,397"
geldibaskan,"24,354"
iryna,"24,042"
classybeef,"24,005"
samikabinli,"23,947"
zilanladysenso,"23,837"
digitalerchronist,"23,622"
chief117,"23,476"
captainatx,"23,458"
redmans,"23,203"
bay.ciddi,"22,994"
roobet,"22,831"
cemalmeseyt,"22,676"
umurafan,"22,639"
megasound,"22,482"
lapeceratonta,"22,346"
burakgungor,"22,311"
zikzira,"22,276"
moesargi,"22,234"
coffin,"21,820"
basakozturkyt,"21,648"
iboyum,"21,173"
axpockaw,"21,127"
yeisso,"20,824"
gameower2,"20,514"
serkandag,"20,419"
luthien,"20,379"
vincentjames,"20,293"
forzaa,"20,144"
freyalive,"20,045"
pembepill,"20,039"
leyla,"19,955"
solkay,"19,906"
isyandert,"19,794"
quitefranklytv,"19,706"
ezgican,"19,616"
woxier,"19,567"
strabon,"19,509"
ssethtzeentach,"19,425"
ltzonda,"19,394"
hellohashi,"19,359"
hankanal,"19,128"
loopoo,"19,088"
halilsoyletmez,"19,087"
lafibugra,"19,065"
gamewars,"18,932"
canozdogan,"18,907"
yunus,"18,824"
homekoworld,"18,801"
muhammetkibar,"18,628"
yagizsabuncuoglu,"18,303"
mobiladam,"18,300"
benayaydin,"18,159"
tammanyak,"18,157"
tidylabs,"18,139"
juicyspins,"18,088"
nurcananne,"17,814"
taskafa,"17,804"
syztmz,"17,763"
w4silii,"17,625"
youlost,"17,578"
businessdayi,"17,431"
holythoth,"17,398"
oyunkonsolu,"17,380"
syreni,"17,197"
kawa,"17,188"
ramaaska,"17,154"
hayrettindestan,"17,104"
farwaymid,"17,021"
enforcerj,"16,976"
cab7ben,"16,963"
vitapvpey,"16,887"
cangurlek,"16,818"
adamdegilsiniz,"16,710"
koinvizyon,"16,619"
typeryoutube0,"16,607"
redicetv,"16,535"
roundel,"16,527"
tron,"16,500"
fragnatictv,"16,484"
emuche53,"16,422"
halilorenler,"16,395"
kiesay,"16,314"
realstiannorway,"16,279"
69yilan,"16,274"
chrisshang,"16,248"
theyourko2,"16,188"
agusbob,"16,178"
anemikvampir,"16,042"
bakedalaska,"16,022"
unitynews,"15,851"
r3dslayer,"15,847"
justmyko2021,"15,758"
hozikman,"15,676"
ornoti,"15,607"
nejdatdelioglu,"15,503"
xfrezyy,"15,491"
afyaa,"15,470"
madalin,"15,369"
damladige,"14,888"
patrickcasey,"14,806"
fatiq,"14,792"
nisahsen,"14,690"
ignazbearth,"14,632"
outlaw,"14,607"
kizilpati,"14,505"
jadenmcneil,"14,386"
wocean,"14,283"
dlivetr,"14,241"
ikizler,"14,206"
emerickbs,"14,167"
sezaryeking,"14,059"
martinsellner,"14,054"
thedoctor,"14,006"
alinagodorov,"13,972"
hulyadogan35,"13,956"
412productions,"13,945"
thewarstv,"13,851"
gdmc-muhammet,"13,850"
jimleveilleur,"13,835"
zwanzig4.media,"13,783"
keyz1n,"13,697"
os_faruktpc,"13,663"
maxicfps,"13,633"
glarung,"13,575"
ccner,"13,568"
zulaoyun,"13,555"
bugrabale,"13,506"
geremiasvapudao,"13,460"
petesantilli,"13,386"
daphne,"13,286"
verbindediepunkte,"13,264"
sonaycim,"13,255"
lifttheveil,"13,234"
hendelwinchester,"13,178"
nilaygok,"13,175"
maicosoft,"13,163"
ozlem,"13,139"
kooray,"13,017"
cheekygamblers,"12,957"
relentlesstv,"12,939"
gazi.ali,"12,926"
cagopasa,"12,850"
m3thods,"12,825"
ubralodnoobi,"12,734"
legendoftotalwar,"12,696"
tugayaloglu,"12,672"
victorious,"12,635"
highimpactflix,"12,623"
kikogaming,"12,521"
metalbear,"12,502"
zoioogamer,"12,497"
berkcan,"12,375"
aegonyt,"12,330"
pubtug,"12,324"
frisby61,"12,298"
radio-loupdi,"12,293"
chapax,"12,261"
poena,"12,261"
burkartal,"12,227"
fantazior,"12,097"
noahfromdlive,"12,092"
revengegame,"12,041"
rosofficial,"12,038"
vezirbey,"12,027"
ercanakinx,"11,940"
chratosgameplay,"11,910"
gobuex,"11,910"
swordmaster,"11,876"
know_more_news,"11,839"
os_osmantpc,"11,798"
ramrusso,"11,761"
sabrinart,"11,735"
korcerrahh,"11,696"
nikatmg_yt,"11,647"
shortex,"11,626"
cemberktkgz,"11,624"
aramnida,"11,578"
runbayrun,"11,513"
mustafak,"11,470"
hasanugurkartal,"11,442"
onurelmas,"11,433"
ertanzz,"11,353"
dontkol,"11,294"
britain,"11,287"
melflyhope,"11,281"
jesseleepeterson,"11,272"
missdora,"11,253"
magouilletv,"11,247"
sedatcoker,"11,229"
boomer_live,"11,063"
utkuhomee,"11,016"
wokesocieties,"11,007"
curcuu,"10,997"
brpromaster,"10,933"
casualty,"10,911"
spaceshot76,"10,905"
argon,"10,904"
kingb33,"10,832"
jen_see,"10,773"
ruyacan,"10,758"
luie,"10,754"
bayrakipsiz,"10,705"
artube,"10,684"
cr4zykm4n,"10,682"
queenjelibon,"10,647"
yusufkenzunal,"10,589"
oyuncandir,"10,579"
taour,"10,527"
serkanaydos,"10,456"
milka,"10,414"
chilledcat,"10,407"
armyy,"10,193"
shisooo,"10,171"
vicbucks,"10,154"
ko4fun_official,"10,152"
etvideocontent,"10,140"
lucadris,"10,122"
cloudson,"10,121"
yigitdolu,"10,116"
witatv,"10,108"
kokoo,"10,107"
haliskosova,"10,088"
chimp,"10,072"
jamesthefam,"10,034"
kyharr,"10,017"
thelittlefaker,"10,007"
dabplays,"9,964"
itachi,"9,931"
realseb,"9,910"
rudemary,"9,910"
totalgames,"9,869"
lastheart,"9,829"
prodigyddk,"9,827"
keevzdl,"9,736"
foxelon,"9,726"
sudecelik,"9,699"
rovturkey,"9,690"
pars,"9,687"
busekorkmaziniz,"9,630"
ashbs,"9,610"
mehmetemincelik,"9,589"
sampepper,"9,544"
lordofufuk,"9,538"
xabudd,"9,531"
aytacc,"9,487"
evonmoss,"9,441"
manuzinhaleal,"9,407"
risepanda,"9,384"
kevjrobbo,"9,376"
zuzuvic,"9,341"
rainlox,"9,304"
fishman.7,"9,293"
nptvpl,"9,207"
beardsonbeardly,"9,196"
aizchristopher,"9,175"
zeynn,"9,162"
onespintowin,"9,158"
mixxgoe,"9,129"
growetv,"9,127"
tronanon,"9,124"
moonlight35,"9,105"
charlesvane,"9,087"
justinsun,"9,081"
kzablanka,"9,078"
roxieph,"9,043"
yasin-tv,"9,027"
profitthias,"9,005"
mistermanchild,"9,004"
berataliyt,"8,951"
rionlitv,"8,920"
gizemdemir,"8,881"
xcapim360,"8,865"
pazziee,"8,859"
starsnipe,"8,833"
yigitcaliskan,"8,824"
mythicruss,"8,790"
givesaminute,"8,773"
rosiemae,"8,749"
thequartering,"8,712"
hardwoal,"8,696"
omargoshtv,"8,679"
xgen,"8,672"
akcakoca_gaming,"8,646"
dodanlio,"8,554"
yapmagaming,"8,514"
skebat,"8,513"
iremmovic,"8,503"
ovalmedia,"8,502"
briteresi,"8,502"
fearbumper76,"8,480"
efsane60,"8,459"
motherofcats,"8,419"
arca_3,"8,405"
azizgaming,"8,365"
ekanos,"8,355"
gonyaliadam,"8,354"
lcedric,"8,332"
cokelek,"8,331"
iressey,"8,316"
cal69,"8,279"
dadman,"8,266"
subcultured,"8,260"
sedatsahins,"8,257"
eggslot,"8,248"
mirchen,"8,236"
meev-ulku7,"8,197"
gitaristv,"8,190"
veikko_songoqlive,"8,172"
electric,"8,155"
pashagaming,"8,154"
lunawolf,"8,084"
godlessturtletr,"8,074"
isedat,"8,066"
carrypotter,"8,048"
rydurz,"8,035"
ufos,"8,029"
darkkoxacs,"8,028"
gizemtecirli,"8,019"
fikirpezevengi,"8,019"
nikakabula,"8,008"
matres,"7,995"
emrearslantas,"7,990"
grumpytam,"7,976"
pubgpolat,"7,945"
swooonnn,"7,932"
hexide2002,"7,899"
aylin-g,"7,894"
mehmetseker,"7,888"
gokceozgul,"7,881"
navemin,"7,866"
devonstack,"7,786"
stark1z,"7,757"
clashwithshane,"7,740"
dgtv,"7,722"
mixeddl,"7,683"
meghan_yeah,"7,663"
xcapimbr,"7,624"
ef-ikizler,"7,621"
flowdriver,"7,582"
atakanmert,"7,549"
umtask,"7,543"
yavuzilhan,"7,541"
franssen,"7,541"
etika,"7,519"
viva-russia,"7,517"
theeshard,"7,483"
solegit,"7,480"
numb.sura,"7,464"
juka,"7,460"
wozto,"7,457"
l3fps,"7,451"
dougie1872,"7,429"
evildchild,"7,405"
tidy,"7,389"
tworayzyoutube,"7,374"
kinnyofficial,"7,359"
hamzayigit,"7,342"
software_specialist,"7,318"
protestmedia,"7,287"
benunuturum,"7,275"
no1kral,"7,264"
tooj,"7,233"
noobtubegames,"7,230"
yusuf.55,"7,222"
lillythueringen,"7,165"
mrmrsboss,"7,164"
piedra,"7,121"
tck,"7,121"
ibrahimkilinc,"7,105"
trureporting,"7,095"
hko34,"7,090"
exandy,"7,085"
stupormedia,"7,081"
mga,"7,079"
baykivircik,"7,065"
remycem,"7,065"
kurtific,"7,062"
erdemgoren,"7,058"
brewkster,"7,047"
cabrzy,"7,011"
gametopia,"7,003"
kingoflightning,"6,962"
iremtutunculer,"6,953"
dutchsinse,"6,920"
stellia,"6,918"
domo,"6,908"
reservoirlive,"6,904"
vikingbeyi,"6,903"
baris_can,"6,890"
canliyayinekibi,"6,877"
gloomtube,"6,867"
melihkardes0,"6,844"
cizim.dunyam,"6,827"
virpix,"6,810"
surprisewp,"6,800"
sadevatandasyt,"6,791"
kharlud,"6,774"
mellstroygamer,"6,743"
canerdemir,"6,742"
leo,"6,729"
bhdryavuz,"6,724"
cryingman,"6,724"
muhacirtv,"6,719"
muammeryildiz,"6,717"
ruzgarlive,"6,712"
peekpubgm,"6,686"
jetgill,"6,679"
oguzcmkkk,"6,674"
thedavidknightshow,"6,674"
stanislaw89,"6,669"
family.game,"6,668"
svalanthelia,"6,656"
loulz,"6,633"
chovekipeu,"6,632"
makaram4k,"6,629"
busebenn,"6,625"
burakilvan,"6,606"
giggybby,"6,588"
grimoire,"6,585"
ariza_pubg,"6,582"
lexbrawl,"6,582"
dylington,"6,580"
brittanyventi,"6,579"
lachelline,"6,559"
jakelloyd,"6,546"
dlivebrasil,"6,530"
salviani,"6,527"
taktikal,"6,525"
sargon_of_akkad,"6,514"
enigma,"6,487"
oguz,"6,477"
shalit,"6,472"
fifa-droid,"6,458"
aleynaerk,"6,447"
gustovow,"6,431"
alafann,"6,415"
applebread,"6,406"
dangergaminq,"6,401"
olcanmuratyt,"6,399"
jordansather,"6,394"
briaandchrissy,"6,392"
rev.jim,"6,391"
elguntv,"6,370"
atillaberk,"6,364"
ciyeroot,"6,358"
casiibro,"6,357"
freedomain,"6,350"
rebelion,"6,344"
psikopubgm,"6,340"
slepper,"6,314"
gorkemsakyt,"6,307"
cabralgameplay,"6,306"
coachcory,"6,302"
fatpigsignals,"6,285"
klausgaming,"6,277"
jezq,"6,271"
atillagndgdu,"6,259"
pey,"6,255"
flamenco,"6,255"
lyckety-syplt,"6,253"
notcri,"6,252"
username12,"6,251"
korayizitas,"6,250"
sabias_yt,"6,244"
primkrali,"6,232"
aoshi,"6,226"
dragontid,"6,204"
saskinbakkall,"6,202"
canaldovoid,"6,186"
firatdmrcn,"6,182"
therealvaush,"6,165"
max3turboo,"6,164"
severnik,"6,164"
priceless,"6,123"
toresays,"6,118"
gavurgani,"6,117"
antoine-ah2020,"6,115"
sca_dlive,"6,105"
hatamerkezi,"6,104"
crohsgm,"6,099"
jeranism,"6,098"
leissa,"6,088"
aceboogz_gaming,"6,085"
nadin,"6,083"
raconsalhocam,"6,081"
tableoftitans,"6,077"
eylul2,"6,073"
mhmtkurt,"6,068"
n-secureatb,"6,061"
atakanatasoy,"6,060"
maytexofficial,"6,054"
perfectbalance,"6,051"
annabagunceira,"6,030"
rooshv,"6,020"
iispongealot,"6,020"
voxday,"6,018"
aaronrobert,"6,015"
cutegizem,"6,015"
hexakafa,"6,010"
portlandandy,"6,005"
l0-l0,"5,996"
onelastround,"5,993"
artif4ct,"5,990"
goose,"5,983"
blackboyad,"5,981"
lovazin,"5,976"
ygn,"5,963"
mememan1984,"5,961"
apophis,"5,961"
songuldemircan,"5,960"
alchy,"5,957"
lichtderwahrheit,"5,954"
percussionali,"5,953"
c9mikrop,"5,948"
eminefendi,"5,919"
caxar44,"5,910"
quager,"5,908"
sonhpmekadar,"5,907"
vectorabbot,"5,888"
markcollett,"5,878"
elevengames,"5,877"
mrssrisus,"5,872"
nazzkorkmaz,"5,861"
zeusdlive,"5,841"
buzztex,"5,817"
bacho3,"5,816"
thepatriothour,"5,805"
tlesgames,"5,803"
defosuzyazar,"5,793"
pikafer,"5,788"
fulii,"5,744"
theyourko,"5,741"
coyoteplay,"5,738"
meyenice,"5,729"
medfull,"5,718"
kahvechi,"5,700"
sonecarox,"5,696"
scheaweppes,"5,694"
onder06,"5,690"
toro_time,"5,690"
canal_xbox,"5,670"
kivircik,"5,658"
mrbcnmmmm,"5,656"
domkiral,"5,619"
alevhann,"5,607"
ba2van,"5,591"
realoveryt,"5,590"
cintv,"5,583"
begenc.koc,"5,582"
shapi,"5,577"
thean1meman,"5,567"
said-tdias,"5,563"
minnakhanim,"5,549"
aylincee,"5,542"
efsanetv,"5,530"
txslotaddict,"5,526"
wiissttaa,"5,520"
reasonabletv,"5,519"
analogbynature,"5,513"
violenthippy,"5,505"
ggproffesor,"5,503"
omer.coban,"5,491"
lcofficial,"5,491"
tacsizkralyt,"5,484"
arkdk,"5,478"
justkaalin,"5,475"
dlivens,"5,464"
klasman61,"5,456"
encryptictv,"5,449"
keyz,"5,448"
denny,"5,437"
nightwaveradio,"5,423"
perfectgeopixel,"5,419"
calimeatwagon,"5,398"
papazin_yeri,"5,397"
mikaalisaa,"5,392"
ddkorkut,"5,373"
ambusherhakan,"5,370"
hhilalimsii,"5,368"
oguzhanmuslu,"5,365"
revengeofthecis,"5,359"
alphaturk,"5,355"
paxim,"5,347"
fortniteplayer77,"5,344"
laz-hamsi,"5,342"
esports,"5,340"
austinzone,"5,339"
kardelena,"5,337"
ebrukrskll,"5,330"
tunaserdar,"5,322"
kafalar,"5,317"
slickrickgaming,"5,316"
baltamor,"5,310"
cosmicbliss88,"5,296"
dearexperien,"5,291"
paranoyaktv,"5,278"
cio,"5,275"
skeplerb,"5,272"
kajiro,"5,258"
fencergg,"5,255"
nptv_pl,"5,254"
selahattinakar,"5,243"
machinex,"5,234"
deryados,"5,213"
ghostpolitics,"5,195"
mlchristiansen,"5,185"
juesay,"5,177"
supa_novatv,"5,177"
hegosay,"5,159"
pipov,"5,157"
bugs.bunny,"5,155"
groypcast,"5,143"
mrbadass,"5,137"
adr1anef,"5,130"
sonerlivegaming,"5,127"
melihrich,"5,121"
baconsyt,"5,114"
ice_poseidon,"5,105"
betfuryofficial,"5,104"
halilaliegen,"5,102"
chelsealuna,"5,086"
chendiggory,"5,086"
nowa.tv,"5,074"
bytasrali,"5,059"
happening.center,"5,040"
kolacan,"5,025"
zeydash,"5,022"
roodyalperen,"5,019"
sb737,"5,012"
madoblasto,"5,005"
n2k,"5,004"
doomwave,"5,004"
sosyalistimam,"5,001"
hasanbozaslan,"4,997"
patriot_news,"4,993"
angelbooy61,"4,992"
rajonokunigas,"4,989"
ismailmrtgl,"4,977"
bonuswgamer,"4,976"
mamati53,"4,968"
erdoganozturk,"4,963"
thetheresaa,"4,958"
abovegroundworldnews,"4,957"
teamboflex,"4,952"
b4bacan,"4,948"
terybogard,"4,942"
senasonmez,"4,938"
starinsky,"4,930"
sahmeranyt,"4,924"
namipars,"4,914"
gila,"4,907"
countdankula,"4,899"
chilloutdoors,"4,891"
yonetman,"4,891"
itztruly,"4,884"
uysalyusuf,"4,883"
surfone,"4,879"
hellwach.tv,"4,875"
dersimlii,"4,864"
eralpgumusdal,"4,862"
arnaldodk,"4,861"
tayfunoguz,"4,861"
kirmizilord,"4,855"
oguncnn,"4,852"
neslihanatman,"4,850"
cc26,"4,849"
busedvcc,"4,846"
scelywr,"4,830"
stephyxlou,"4,823"
porkatalive,"4,815"
lamajor,"4,800"
thephoenixenigma,"4,787"
mehmetatma,"4,787"
bikini_ifrit,"4,779"
husreiss,"4,768"
ozmennn,"4,767"
fragjanur,"4,748"
belekoma,"4,746"
re-al,"4,739"
tfmonkey,"4,729"
soramidd,"4,725"
1madam1adam,"4,712"
sinareisli,"4,704"
baypist10,"4,698"
charleswayn,"4,696"
raum,"4,687"
by-vienna,"4,680"
benejeje,"4,677"
cornerscorner,"4,674"
selimz,"4,668"
kombo,"4,667"
loxtia,"4,651"
britbong,"4,639"
ofblog,"4,635"
jackey.love,"4,628"
emirhanoo,"4,623"
killerqueen,"4,620"
jafkal,"4,619"
caengames,"4,618"
klardenkentv,"4,616"
the.sekerciamca,"4,611"
ritmikasit,"4,602"
katalina-ooma,"4,595"
marfoogletv,"4,595"
kadir.sakin,"4,594"
ercan.doru,"4,577"
sconia,"4,576"
max1delife,"4,575"
prohenis,"4,575"
emmalayne,"4,566"
swag08,"4,561"
bekiruygun,"4,560"
gkatakan,"4,558"
random0000165,"4,539"
orkun-d,"4,538"
fearleonn,"4,532"
seldacn09,"4,531"
mehmetduran-yt,"4,524"
realisticx,"4,507"
ekil,"4,507"
mortemofficial,"4,501"
brockuk,"4,498"
sortex,"4,483"
aygungame,"4,482"
patriotictalk,"4,473"
piatheslav,"4,471"
oldworldradio2,"4,468"
hapilox,"4,463"
nyks,"4,458"
gabriellemlbb,"4,458"
doobby,"4,432"
frknkrc,"4,431"
theraidof,"4,431"
tlavagabond,"4,430"
canaldoarkantos,"4,420"
noelbabaa,"4,420"
ladyluckslots,"4,416"
stormgg,"4,413"
buse,"4,410"
metinbozz,"4,405"
merdoich,"4,402"
lavvek,"4,401"
velvet_7,"4,395"
ase41,"4,390"
mhmvp,"4,381"
mirvel4,"4,375"
oldnonames,"4,374"
xlupin,"4,372"
whiterabbitradio,"4,365"
npcshowontwitchonly,"4,355"
asitmen,"4,351"
fluffy,"4,350"
battlegroundstr,"4,344"
axiun,"4,337"
satoshi.justmyko,"4,328"
savanasushi,"4,312"
gaz_x,"4,301"
dazzle,"4,294"
saltygambles,"4,276"
tenger,"4,275"
yahyadag,"4,270"
vpfm,"4,257"
mistafka,"4,249"
stronyt,"4,233"
doeshow,"4,230"
darkko.orgg,"4,225"
atlassf,"4,214"
roastsmith,"4,212"
shugii,"4,210"
oldworldradio,"4,208"
iamproj3ct,"4,207"
ehrenfrautv,"4,199"
methrayn,"4,181"
vedatttarde,"4,180"
teaislife,"4,173"
patelpatriot,"4,170"
realposeidon,"4,170"
ariesjrs,"4,166"
jesus_pope,"4,160"
su.de,"4,159"
mickarmement,"4,155"
azzmador,"4,153"
metinpihlis,"4,147"
hardbastard,"4,144"
techgarage-247toons,"4,140"
mehmet2241,"4,138"
mrssaltyxo,"4,134"
ismailc78,"4,118"
blntgamertv,"4,111"
nrxjoker,"4,110"
redhad,"4,109"
cheslyy,"4,108"
cruelsyt,"4,104"
frozenbox,"4,103"
buzdolabiposedi,"4,097"
aircool,"4,095"
sempatikaylak,"4,085"
hodorrrr,"4,084"
kanggaming,"4,077"
cakmaradyolog,"4,077"
lilaclite,"4,072"
aztecgoldhero,"4,071"
dede_dlive,"4,065"
secred,"4,061"
ti3n,"4,054"
emrebelen0,"4,035"
defyy.querencia,"4,030"
razorcone,"4,017"
necdetmaske,"4,012"
masked_mayhem,"4,012"
bobbyplays,"4,012"
byztongnyt,"4,009"
defmike,"4,008"
ektigameofficial,"4,006"
sametizs,"3,994"
samurgame,"3,985"
emrecanonal,"3,983"
keremkt,"3,976"
itslon,"3,968"
nyteowl-yt,"3,966"
kelevra,"3,952"
mayo_indy,"3,944"
sudenursya,"3,929"
lampiaodorp,"3,926"
celebrimbor,"3,926"
giana_luna,"3,925"
gunnythegrey,"3,924"
gentlebenslots2022,"3,923"
eniste,"3,914"
gbross,"3,910"
septv,"3,904"
andurii,"3,902"
trpower,"3,901"
kinocodva,"3,899"
ladybugofficial,"3,896"
miguasen,"3,895"
ozgeozkan,"3,893"
yasar92,"3,892"
sourdazza,"3,891"
ludisz,"3,890"
kuya,"3,874"
abbassunal,"3,873"
tokemo,"3,858"
carnitorprime,"3,851"
sc-360-media,"3,849"
seferan,"3,847"
jogerbomb,"3,846"
hasret,"3,844"
guerratplay,"3,838"
anarchywp,"3,836"
drooyoo,"3,827"
dd-zone,"3,825"
2_6,"3,823"
behramkendra,"3,821"
madencii,"3,814"
okideep,"3,806"
filiipova,"3,796"
lessliie,"3,795"
fatal1tyfps,"3,794"
the_joker,"3,793"
cincy,"3,792"
melissaschumanshow,"3,787"
radio1,"3,785"
ban.tv,"3,782"
m4rk-official,"3,779"
turkaydarcan,"3,777"
buffington95,"3,769"
bysenius,"3,765"
alpheus_vii,"3,762"
kadoh,"3,760"
cytologia,"3,755"
diyardumann,"3,752"
kosmonautkasey,"3,749"
temhatv,"3,747"
cootha,"3,747"
numi,"3,745"
emirzn,"3,742"
parsburakk,"3,741"
contralera22,"3,740"
fundy,"3,735"
titusfrost,"3,732"
harunerbil,"3,731"
urban,"3,722"
gokhanebinc,"3,713"
pirate51,"3,712"
excursed,"3,707"
kenktv,"3,707"
kysu,"3,706"
pupuprotv,"3,704"
atakantarkan,"3,698"
blockhub,"3,698"
ersenguler,"3,697"
dienaww,"3,697"
samedo.w,"3,695"
benjaminplays1080p,"3,693"
cn4,"3,690"
surfbord88,"3,689"
escuella,"3,689"
sfenks,"3,685"
greenfingers,"3,680"
workforce,"3,680"
harunyetis,"3,669"
madderofficial,"3,659"
svdsdragunov,"3,658"
elroyel,"3,652"
oyunkolik,"3,647"
toprak,"3,644"
dgkan_yilmaz,"3,636"
alildemonic,"3,635"
hesoyam1147,"3,627"
youtubemyth,"3,627"
southerntake,"3,621"
cosmokitty,"3,620"
tugce,"3,620"
mehmetuguryt,"3,618"
arthos,"3,617"
nixer,"3,615"
ochickypoox,"3,613"
texasnewsstudio,"3,602"
b4tu55,"3,597"
milwer,"3,596"
felarcone9,"3,591"
hilalimsin,"3,587"
topduk,"3,587"
mg_live,"3,575"
morbiddevillx,"3,574"
thatguylang,"3,570"
kurinkitoki,"3,570"
sexxykell,"3,569"
xaste,"3,565"
shifttitantv,"3,560"
cinecalvo,"3,560"
adembeys,"3,559"
ryu,"3,554"
mistiknova,"3,548"
woozuh,"3,547"
askinaydin,"3,541"
godmota,"3,537"
fuzzyg182,"3,532"
giftfromgod,"3,515"
ostim,"3,512"
buildingtherealm,"3,512"
azralynn,"3,509"
djdanny88,"3,505"
cropovez,"3,505"
alwaysgood,"3,504"
axetruth,"3,504"
reck,"3,503"
krisstar,"3,503"
mustafapolat,"3,496"
tellia,"3,486"
temurgvaradzetv,"3,485"
todu,"3,485"
wartarg,"3,477"
meggynsblog,"3,463"
kashima47,"3,460"
daywave,"3,455"
emardo,"3,438"
sh0cker,"3,437"
pewradio,"3,433"
wtfr,"3,424"
sabski,"3,419"
hazretiseker,"3,415"
captshambles,"3,415"
ohabrcevik,"3,412"
marjimad,"3,409"
ended-mlbb-wr,"3,396"
ptc,"3,389"
tryhardcc,"3,379"
asur4a,"3,377"
lordamish,"3,370"
palv1nx666,"3,370"
keshintv,"3,369"
monsterj,"3,369"
hasanpakac,"3,369"
raginghumanist,"3,368"
velimutlu,"3,366"
bitkicel,"3,366"
xzenu,"3,364"
millennialwoes,"3,359"
s3rh4tt,"3,359"
lgsvelisehocam,"3,352"
shellzeiras,"3,345"
nency,"3,344"
habib_aksoy,"3,339"
slider1611,"3,336"
n8news,"3,334"
basedamy,"3,332"
expecdaunknown,"3,329"
dennymarkham,"3,327"
chitus,"3,320"
despaes,"3,319"
eker,"3,317"
nss-ganja,"3,311"
vidikay,"3,307"
dropdeadzed,"3,304"
machetetv,"3,295"
ryu7z,"3,295"
stichs,"3,290"
sallysroomebi,"3,289"
greengo,"3,285"
mrsaltythenf,"3,283"
catrionn,"3,280"
mgigity,"3,264"
akuut,"3,262"
thekuzu,"3,244"
isil.keserci,"3,242"
pvpete_is_back_girls,"3,241"
maxylovesyou,"3,236"
oguzhancan,"3,232"
ryio,"3,231"
evesln,"3,228"
sadecemuhendisbey,"3,226"
serkangd27,"3,226"
almightyness,"3,220"
capresemartini,"3,219"
amulet,"3,219"
sahangillerespor,"3,216"
suprememl,"3,213"
gurkanay,"3,207"
bozkurtt00,"3,202"
jokerpubg,"3,200"
markus_dp,"3,197"
mendigotv,"3,190"
huseyinder,"3,187"
thegteamparanormal,"3,179"
gringoproplay,"3,175"
quer-gedacht,"3,174"
theindoctrination,"3,161"
fndyt,"3,160"
scurrows,"3,149"
ravvin,"3,142"
busekahveci,"3,142"
halilkazimerol,"3,133"
hoppaforpi,"3,133"
aussieslots,"3,132"
hexologist,"3,130"
artemisella,"3,125"
mollygolightly,"3,125"
reabow,"3,125"
posewr,"3,122"
engelsizhayat,"3,119"
yagizlol,"3,116"
erenteala,"3,115"
mr.alpaslan,"3,114"
counter-currents,"3,114"
hatice77,"3,112"
crd-reis,"3,110"
vega,"3,110"
coco.tv,"3,108"
lasthazmat,"3,102"
beytooo,"3,100"
mertrix,"3,094"
rcg_jokestackstv,"3,091"
pastorshadilay,"3,086"
paechee,"3,085"
agresifdoktor,"3,080"
ready_to_die,"3,078"
polada,"3,075"
marvelfit,"3,074"
aktivistmann,"3,074"
minniemelisa,"3,072"
yuksekwoltaj,"3,068"
mrs.vixen,"3,054"
ptrngg,"3,053"
ucandepik,"3,050"
muhammedyildiz,"3,046"
emin.yusifovzade,"3,046"
tolgaturan33,"3,044"
quadro,"3,040"
mrpresident721,"3,040"
bekmen,"3,039"
scoobs_g,"3,038"
bihterekiz,"3,035"
yippieyieyo,"3,033"
tarden,"3,025"
thompsonwalker,"3,023"
af_assault,"3,017"
dadgamer,"3,015"
exdz,"3,013"
madattheinternet,"3,004"
titoshalgam,"2,997"
ulasgomleksiz,"2,994"
netdonna,"2,987"
mr_white_tuber,"2,984"
beddyrun,"2,975"
emirtalay,"2,970"
jimbozoomer,"2,963"
halilorenler2,"2,961"
keax,"2,959"
mascoobs,"2,954"
enj0ythelife,"2,953"
renschx,"2,952"
sweepss,"2,951"
leelees,"2,951"
chamoney,"2,949"
akin.kahveci,"2,948"
pierreplays,"2,948"
tgn_tank_ttv,"2,947"
fatheadednoob,"2,946"
nowhiteguilt,"2,946"
hasanketenci,"2,945"
kelminator,"2,943"
tekfather,"2,942"
sametsupremebenn,"2,941"
mervemio,"2,936"
greenbaywacky,"2,936"
genchane,"2,929"
redaxius,"2,922"
demon_rider,"2,921"
volerr,"2,920"
hayatberbat,"2,914"
armage,"2,912"
coxlove,"2,910"
7tuermemedien,"2,895"
bibble,"2,893"
nss-ultragenerall,"2,891"
tinyaxi,"2,889"
bozoteko,"2,889"
takashhii,"2,887"
defango,"2,886"
marjinalpersona,"2,885"
klickblick,"2,884"
beyzaaorhan,"2,883"
sinsfunfactory,"2,883"
critical,"2,875"
s2gkutsalsu,"2,872"
opayazbey,"2,871"
taaisback,"2,871"
meelayyb,"2,869"
coty,"2,865"
mustafasarigol,"2,859"
packapuncher,"2,858"
mertkartal,"2,852"
senseyyoutube,"2,848"
mustili,"2,843"
neversayyesgg,"2,839"
gator,"2,838"
k4ku,"2,835"
cuteavalanche,"2,830"
aphrosa,"2,827"
whismys,"2,821"
avantika,"2,820"
styxhexenhammer666,"2,819"
whiteartcollective,"2,815"
hampton_brandonttd,"2,807"
atisticstv,"2,802"
lolisocks,"2,799"
darph,"2,794"
tuncaybaba60,"2,788"
erdiysl,"2,783"
aycayurtaarslan,"2,781"
greenbeard117,"2,771"
asskicker47,"2,769"
phantomhusky,"2,768"
thatsmochi,"2,767"
b3ck_br,"2,764"
prepperian,"2,744"
afterhourspodcast,"2,741"
infeqtecq,"2,741"
brownreclusa,"2,738"
bagtalk,"2,738"
eso_ch,"2,733"
serhatabiii,"2,726"
katieangel,"2,723"
khanyt,"2,716"
hasangunes48,"2,714"
thumbs,"2,714"
ladyblanca,"2,711"
fenamen,"2,710"
sweatyyeti_tv,"2,706"
valeria,"2,705"
madametroll,"2,704"
momofifahd,"2,703"
saklioyuncu,"2,702"
madsen,"2,702"
moneymatchgaming,"2,699"
mrboney,"2,698"
ezmon1,"2,695"
busebal,"2,693"
shiroxatwar,"2,688"
masterman-onur,"2,687"
bluefzz,"2,687"
byakdeniz,"2,686"
thehakereport,"2,685"
mehmetmaverick,"2,684"
pr3dator,"2,683"
numeiro,"2,682"
ercanalma,"2,682"
stefan_franz,"2,678"
ratondelplomo,"2,677"
doraarslanyt,"2,677"
acartv,"2,673"
medege,"2,672"
ikariu,"2,663"
tersmaske,"2,662"
kaboom,"2,661"
auti,"2,655"
jonxarmy,"2,652"
kocakafayt,"2,648"
zatgo,"2,644"
sadrazamv,"2,644"
negerunge,"2,644"
cixeddd,"2,639"
panpm,"2,630"
loydgames,"2,628"
morben,"2,628"
udwin,"2,628"
agnt,"2,628"
neddyvac,"2,625"
oyunseyir,"2,624"
itsagundam,"2,622"
serdar_ve_inanc,"2,621"
tolunayoren,"2,620"
pokemonlegenden,"2,620"
amacsizkema1,"2,617"
gkn,"2,615"
2bros,"2,613"
selolive,"2,613"
emrey95,"2,612"
goldnslots,"2,611"
aresbest,"2,610"
aspenanatolia,"2,604"
bulent_terzi,"2,600"
ali-tor,"2,598"
worthyfoodie,"2,597"
cansub,"2,596"
theosaka,"2,595"
xmasic,"2,590"
ersel_karaduman,"2,588"
fiskos,"2,582"
byalpheratz,"2,581"
nikoloza11,"2,578"
marji,"2,577"
kairostime_gaming,"2,575"
madbros,"2,575"
avak,"2,573"
ndkdkdkdkdk,"2,571"
densizherif,"2,570"
willyrin,"2,568"
purpledragon,"2,566"
encodexp,"2,566"
hyperion55,"2,560"
thebyf,"2,557"
tarhrain,"2,555"
oghollywood,"2,553"
vamoseko,"2,552"
w4defps,"2,552"
realbadvroken,"2,550"
reybrawlstars,"2,548"
meru,"2,542"
ggcomeback,"2,540"
juliasemcontrole,"2,539"
mehmetkaryon,"2,537"
grim86,"2,535"
beardedleo,"2,532"
lamerguez,"2,531"
furkenonline,"2,531"
neoon,"2,527"
akihavyri,"2,526"
thejarexyt,"2,524"
edakocer,"2,523"
yusufhanduran,"2,521"
wildniks,"2,515"
tonyrumble,"2,514"
felinacosplay,"2,513"
deigamer,"2,512"
herkesegorunmez,"2,511"
wedie,"2,510"
travismartinez,"2,506"
nevergiveuup,"2,497"
issuess,"2,495"
baranorhantv,"2,494"
thekateawakening,"2,493"
dekostv,"2,492"
gokhanserhatyt,"2,488"
jarlrandymarsh,"2,488"
dl_greyson,"2,488"
g00by,"2,487"
nitronix,"2,487"
qmsi,"2,480"
bekirkara0,"2,479"
xdbs91ty,"2,478"
ruffles,"2,473"
unwashed,"2,472"
toiu,"2,472"
infiniteplaneradio,"2,470"
mondaynightshitpost,"2,469"
andywarski,"2,468"
bufarete,"2,457"
tevfo,"2,457"
b-a-r-o-n,"2,456"
ferociouschihuahua,"2,453"
baba_oynuyor,"2,449"
flash,"2,446"
fartboyyy23,"2,445"
proulette,"2,444"
strickertv,"2,442"
kraloyun2211,"2,442"
drizzintahl,"2,440"
atxslots,"2,438"
atlas,"2,436"
erdimsi,"2,432"
temren,"2,431"
ladionha,"2,428"
mik3robox,"2,422"
onurgedikli06,"2,421"
haberturktv,"2,421"
berkex,"2,420"
letsgobabii,"2,420"
eynasu,"2,417"
gtk_radio,"2,416"
grimmslayingdolt,"2,410"
juunbuun,"2,408"
officialbjorntv,"2,407"
emreygm,"2,406"
berione,"2,403"
teokstone,"2,403"
cnkytv,"2,402"
ax-scb,"2,397"
babiyt,"2,390"
cantstop,"2,387"
oldmorfn,"2,384"
btacticstv,"2,380"
marcelosouzaf,"2,374"
qdiosaq,"2,372"
americanjoe,"2,370"
ag.hades,"2,370"
thaidones,"2,369"
tarihcibyn,"2,364"
theshaws,"2,364"
monzygames,"2,360"
weeedddy,"2,358"
crazydays,"2,357"
waterfieldgaming,"2,352"
crunchtv,"2,351"
blackm4n,"2,350"
dorukdoo,"2,348"
deraugsburgerloewe,"2,346"
furkanackgozz,"2,344"
genckaptantv,"2,344"
monkeyb,"2,343"
hoaxwars,"2,340"
dliveteam,"2,337"
ghostmafianations13,"2,335"
hi-rhes,"2,334"
erzariasy,"2,333"
tslgrigala,"2,331"
civcivv,"2,330"
monofobia,"2,330"
millerz,"2,328"
lucifer1907,"2,325"
nighteagle_tv,"2,322"
doutorjogos,"2,320"
flowus,"2,319"
ubergoober,"2,318"
onurqzer,"2,318"
thebestoflaz,"2,317"
viperkillz,"2,316"
fekah,"2,313"
withwich,"2,308"
its-june,"2,305"
merickandemir,"2,303"
rkbekci,"2,298"
tennuxxx,"2,296"
kingreignmaker,"2,296"
pvfrango,"2,287"
kisaparmak,"2,286"
pintocan,"2,285"
breadkrum,"2,283"
aponyum,"2,282"
stormwallpubg,"2,281"
choerryblsm,"2,277"
adolf_channel,"2,272"
berlin_berlin_tv,"2,270"
crazycurly,"2,269"
mromsoc,"2,269"
bobbybs,"2,268"
tolgayasin1,"2,267"
loveshack,"2,265"
furkanyigit66,"2,264"
iinfamousgamer,"2,262"
sahinox,"2,262"
the_ghost,"2,260"
pubgmobileg,"2,260"
drwitnesser,"2,260"
sharinganmid,"2,259"
saloncuabi,"2,258"
zegabon,"2,258"
quave,"2,257"
gna,"2,256"
kizkardassian,"2,250"
araz_kazimov,"2,249"
defyy,"2,248"
cutie,"2,247"
keithwoods,"2,247"
mehmetaktasx,"2,245"
digit_ally,"2,243"
archmessenger,"2,242"
byeng,"2,241"
bobdebum,"2,238"
ceone,"2,237"
loudmouth_gaming,"2,235"
xtremerealitycheck,"2,233"
izek,"2,228"
wardess,"2,228"
egehantokmak,"2,224"
g_j_s,"2,222"
garydavid,"2,222"
amirgaming,"2,222"
ataberkdogan,"2,219"
arslann42,"2,218"
ensacarart,"2,217"
blackdaisy,"2,215"
pba,"2,215"
heavyheals,"2,213"
ressam7,"2,208"
culturewarcriminal,"2,208"
umutavkran,"2,208"
wokofficial2021,"2,207"
jagrael,"2,207"
zero,"2,206"
ezgl,"2,205"
kallisti,"2,204"
boseph,"2,203"
imtrippin,"2,203"
emirselim,"2,196"
ozancatikkas,"2,196"
sk8tv,"2,192"
pizza_plz,"2,191"
lilithhh,"2,190"
emirhan,"2,185"
instasound,"2,184"
thedveight,"2,182"
fm_boss,"2,182"
protecblood,"2,181"
rrcpodcast,"2,180"
esmatv,"2,179"
professor_tambemjoga,"2,178"
piqtures,"2,178"
speakr,"2,173"
baldanadamtv,"2,173"
pygoz,"2,172"
earslan35,"2,172"
ricerealist,"2,169"
ardivaofficial,"2,169"
comfypanzer,"2,164"
ichisan,"2,163"
gorkemcan,"2,161"
henriqueyt,"2,160"
monaytv,"2,160"
ninjawarrior0116,"2,160"
r3bels_tv,"2,153"
mipmip,"2,153"
codeword_havoc,"2,151"
acemaximillion,"2,150"
kaya_kayman,"2,149"
maryhaynes,"2,146"
sproux,"2,145"
blanatt,"2,144"
limamosca,"2,134"
lesongamer,"2,133"
philinfoyst,"2,128"
berke3907,"2,128"
bigeddiebear,"2,128"
chancepaladin,"2,128"
burakerol,"2,125"
thorium.888,"2,123"
aynurbasak,"2,122"
egecete1,"2,121"
bertanyalcin,"2,116"
shoutrain,"2,115"
jaitrucking,"2,115"
oyuncubeyy,"2,114"
magmavk,"2,111"
realanaksimandros,"2,111"
thatsdanteh,"2,109"
rammus_53,"2,109"
aynasiz,"2,109"
ghost.baris,"2,108"
mehmet64x,"2,107"
kingsamuga,"2,106"
nernarkoz,"2,105"
epinkentin,"2,104"
furymybe,"2,102"
makfortyone,"2,101"
fagetv,"2,100"
animeotakumaster,"2,100"
okantuncc,"2,098"
yarentoprak,"2,097"
adozki,"2,095"
celebi35,"2,092"
chadimus,"2,091"
yayincibaba,"2,090"
mertcasey,"2,087"
mijasuzu,"2,084"
ghostdog1,"2,082"
sinefil,"2,080"
ufukcobain,"2,078"
unityyt,"2,078"
kusonuu,"2,074"
cefermemmedov,"2,071"
erdaltas,"2,070"
geomishka,"2,056"
furkanyildiz,"2,055"
zippy,"2,054"
studybeats,"2,054"
dogukandogo,"2,052"
method,"2,051"
cihantv,"2,051"
brkcnn58,"2,046"
vorsi,"2,043"
shiftdeletenet,"2,043"
emrekargi,"2,043"
ytjakebaldwin,"2,042"
msi-duke,"2,041"
kallie,"2,041"
sadecedilek,"2,040"
cladius,"2,036"
tarikyaziciyt,"2,036"
southerndingo,"2,035"
esparados,"2,035"
hummdogtv,"2,033"
melikas,"2,032"
augierfc,"2,030"
kara.joker,"2,028"
maria-madness,"2,020"
metegunes,"2,019"
spazzyyazzy,"2,016"
tripeezy,"2,015"
yusufayhans,"2,015"
likeswafflez,"2,012"
freidenker2020,"2,010"
asae-alperr,"2,010"
aykutbey,"2,010"
murderthemedia,"2,010"
xexcelofficial,"2,002"
pika,"2,000"
zeyc,"1,999"
tchubitv,"1,998"
theone2187,"1,997"
the_elder_gamesman,"1,996"
fivemadmini,"1,995"
sirwiggy,"1,992"
fortniteleader,"1,991"
magician,"1,989"
marleusgg,"1,987"
hardygurl,"1,987"
kylersc,"1,985"
ferdizm,"1,981"
hipernova,"1,981"
zukikun,"1,979"
engelsizfenomen,"1,977"
normalicism,"1,977"
baho,"1,975"
qplay,"1,974"
legendqueenie,"1,973"
larry.ridgeway,"1,971"
mrselim,"1,970"
asg,"1,969"
vampirefrog,"1,964"
yagmrn,"1,960"
labidur,"1,960"
barisytb59,"1,959"
alekscraine,"1,958"
partlycloudy,"1,957"
sole,"1,956"
pazienzaa,"1,950"
riot_amorf,"1,948"
crazypeople,"1,948"
h0lolo,"1,947"
jamiesmadhouse,"1,946"
kaanco,"1,946"
gnemsis,"1,942"
ranakkl,"1,942"
niko,"1,941"
lordofmurat,"1,941"
ninjawarrior567483,"1,940"
tefhoney,"1,937"
mrstoner,"1,936"
family.elaa,"1,936"
ewilltv,"1,935"
dlivean,"1,934"
mysticsoul23,"1,933"
deathbyrust,"1,931"
indigowhite,"1,930"
egolayer13,"1,929"
anatlus89,"1,928"
derya_erhan_77,"1,926"
pentegram,"1,926"
trcx21,"1,924"
kimbufatmanurrr,"1,923"
lordkripto,"1,923"
john_fashcroft,"1,923"
ardabha,"1,923"
zick_live,"1,922"
perim,"1,922"
vienneaq,"1,919"
catoben,"1,912"
la-la,"1,911"
ikizkardesler61,"1,909"
pepperonixredd,"1,909"
mehmet-caglar,"1,906"
mustafakaplan,"1,903"
jaclynglenn,"1,902"
hasansinss,"1,901"
ricardo_rodrigues,"1,901"
djmillsy,"1,900"
jamwithsammix,"1,899"
ilyada,"1,898"
green.kinoshita,"1,896"
trofeci,"1,895"
sadtixxzyy,"1,893"
5hadow_tv,"1,892"
kamehamedouken,"1,892"
urumut,"1,892"
blazenyt,"1,889"
tricell,"1,887"
berylslife,"1,886"
articfoxmtg,"1,885"
mvcao,"1,882"
slordx,"1,881"
razorfist,"1,880"
loris,"1,880"
wearechange,"1,878"
walacepop,"1,876"
lcneqativee,"1,875"
alicankrdg,"1,875"
tufandileryt,"1,871"
cyanmelody,"1,871"
discourse_syndicate,"1,870"
xweasley,"1,869"
tuncayz,"1,868"
koraykaracameydan,"1,868"
wtraehn,"1,867"
gokhanbfacebooksayfa,"1,865"
lubtansi,"1,863"
selimkaanntv,"1,861"
phoentes19,"1,859"
rants,"1,859"
ashwilliams,"1,859"
fight_club_mk,"1,858"
beytodetanirlar,"1,855"
crazymatee,"1,855"
paradoxwritten,"1,855"
uguryayinda,"1,855"
sedefs,"1,854"
mrbomb,"1,853"
timtruth,"1,852"
zoyo,"1,848"
seyssey,"1,847"
y3kt4-official,"1,840"
eminkrts,"1,837"
tiowobby,"1,835"
bryden,"1,834"
manofrizer,"1,834"
ogbrawlstars,"1,833"
stromkaptan,"1,832"
warric_uk,"1,830"
banditgango,"1,830"
dedeyayinda,"1,829"
desertcrow,"1,828"
freetalklive,"1,826"
ufa_wired,"1,825"
broncoadventures,"1,824"
papiberk,"1,823"
str-onurveseniha,"1,822"
bashkoshe,"1,821"
oykubengi,"1,819"
pankake101,"1,818"
maybeqchris,"1,816"
mit-alperen,"1,816"
jacobmuirmusic,"1,813"
donmirjanydjdance,"1,812"
pisiofficial,"1,809"
virtualbacon1,"1,804"
staffrain,"1,802"
mitao,"1,801"
berksmbl,"1,801"
tegebr,"1,800"
zosodude77,"1,800"
jeffmac,"1,798"
fatihozcelik,"1,794"
stahngg,"1,793"
baydoktor,"1,791"
sayha,"1,788"
moistdan,"1,787"
prudentgambler,"1,786"
aamber_00,"1,784"
kitsunegem,"1,784"
thmimic,"1,783"
fifty-cal-gaming,"1,783"
coffeetalkwithsandra,"1,781"
authorjoeholt,"1,780"
tursutv,"1,777"
steelpuma,"1,777"
alihankara61,"1,776"
reddewil33,"1,776"
shanetsgtv,"1,775"
djsimvr,"1,773"
bonghall,"1,773"
itsjustine,"1,773"
dengesist,"1,772"
timech,"1,772"
gqgames,"1,770"
arman,"1,770"
fadoline,"1,769"
kiypips,"1,768"
piabloesc-o,"1,766"
serhat0,"1,763"
xdcaliver,"1,761"
galadon,"1,761"
hunbaba,"1,760"
2voice,"1,760"
prettybabylola,"1,759"
xclipsx,"1,756"
aberkay,"1,756"
zero8,"1,756"
marvex,"1,755"
fitilgan,"1,755"
madrugames,"1,752"
hayperr,"1,749"
conquero,"1,749"
negativexp,"1,749"
bossashph,"1,748"
xcoolgirlx,"1,747"
dracplays,"1,746"
leventkaplan,"1,745"
hu3boy,"1,741"
randbot2020,"1,741"
recepkocak,"1,741"
threadman,"1,739"
ankyspondylife,"1,739"
jojowalkernations13,"1,738"
alpireyiz,"1,738"
azhtral,"1,737"
ramzi.abuhdeib,"1,737"
scorpionkingdom,"1,736"
eski_gunler_2017,"1,736"
yalnizgezn,"1,736"
penguinaa,"1,735"
tulpar,"1,732"
giizce,"1,730"
mertbrother,"1,730"
aaysen,"1,728"
bubakinq,"1,727"
fb_apeshrex,"1,727"
efsaunal,"1,727"
machin3x,"1,725"
community,"1,723"
algame,"1,723"
cream.tv,"1,723"
scaelam,"1,721"
xdrfirefly,"1,717"
boracinar,"1,714"
omer-yt,"1,713"
ihypocrite,"1,710"
fatihduranyt,"1,710"
fatihanillarcin,"1,707"
haziqmzikoe,"1,706"
videojunkie,"1,706"
gigshot,"1,704"
kartalogz,"1,703"
grimlocktv,"1,702"
mrtunalan,"1,700"
davulcuhub,"1,700"
themurdock,"1,700"
gmrgame.com,"1,699"
moeothman,"1,697"
mr.fisher,"1,696"
thatsharu,"1,694"
onlinemustoo,"1,693"
hellinator,"1,692"
wenoms,"1,691"
musictvrangel,"1,691"
pitbullailesitv,"1,690"
eragamesbr,"1,690"
cagoxy,"1,690"
tthamzaa,"1,689"
joesdailygames,"1,688"
kirk3,"1,687"
oyunpixel,"1,686"
ugurata,"1,684"
fazehypertv,"1,681"
professionalish,"1,680"
aybikderlerr,"1,678"
dale-bold,"1,678"
penguenizm,"1,676"
jilawin,"1,673"
anka,"1,672"
nikegirl,"1,671"
mrdrivertv,"1,669"
magicarl,"1,668"
ottomangamer41,"1,666"
palayayinda,"1,665"
shirobahoo,"1,664"
reginaofficial,"1,663"
holyf1,"1,663"
valborga,"1,663"
galadrielr,"1,662"
ulvidevrim09,"1,661"
vahsihaydut,"1,661"
ebrutv,"1,660"
lunaticdad,"1,659"
alperulku0,"1,658"
jamestrue,"1,658"
mlazined,"1,656"
boomer_d,"1,655"
zulagamingg,"1,655"
gokayalveroglu,"1,653"
swaswayt,"1,653"
gamblingelvis,"1,651"
presidenttrump,"1,650"
youtubeokko,"1,649"
boogiebumper,"1,649"
orumcekenver,"1,648"
emyataki,"1,648"
anilkaraman,"1,647"
s60,"1,646"
dangeruss,"1,645"
devra,"1,645"
sevqi,"1,644"
johnburk,"1,642"
lumi,"1,641"
lourock,"1,641"
itsjoemomma,"1,640"
cancersticks,"1,639"
goodboysgaming,"1,638"
muratgultr,"1,638"
1cenanossa,"1,637"
qivatv,"1,636"
mayk,"1,635"
qeira,"1,635"
operamericano,"1,631"
theangrycherry,"1,630"
player_onee,"1,630"
zsuw,"1,629"
enea,"1,629"
callous,"1,628"
rebzz,"1,627"
mert7234,"1,627"
murat,"1,627"
sillyphil_140,"1,627"
l4g4d0,"1,627"
johnlemon,"1,625"
xecel,"1,625"
dileksunaa,"1,624"
foreign_rebel,"1,623"
bukaki,"1,622"
alafan,"1,620"
missreckless,"1,618"
81warrior,"1,616"
angelface,"1,615"
realgregjamesbeam,"1,615"
narkozdelisi,"1,615"
jaskthetiger,"1,614"
yiidan,"1,613"
trinity_gx,"1,612"
redkoltuk,"1,612"
debby4,"1,609"
cellatt,"1,608"
dgknyilmaz,"1,608"
modzbrave,"1,608"
erdaltass,"1,608"
ramoneyt,"1,606"
hanreis,"1,604"
morian,"1,604"
dkdf123,"1,603"
denizlektemur,"1,603"
andrewmobilegaming,"1,602"
rraidyn,"1,601"
translatedpressde,"1,601"
ylmazkalayci,"1,601"
mr4justice,"1,600"
xteaw,"1,599"
enesbaydemir,"1,599"
apollyon,"1,598"
barrot,"1,598"
amateurgamers,"1,597"
ginpachi,"1,596"
copykatninjawhat,"1,596"
resquet,"1,596"
markgreen,"1,595"
berkakbaba,"1,595"
tg-teknooyun,"1,594"
steyz0,"1,593"
dutchi,"1,593"
semihuyulgan,"1,592"
gpozan,"1,591"
alfwke,"1,588"
flightsimbrasil,"1,586"
bugrahancicek,"1,585"
woodowest,"1,584"
ahooter27,"1,582"
dhitman,"1,582"
serkanove,"1,581"
pixel-levha,"1,580"
huwhitememes,"1,579"
fullmoon-ancestry,"1,579"
ptppodcast,"1,578"
frozennx,"1,577"
ozgursvnc,"1,576"
handeizm,"1,574"
northeastnative,"1,573"
gulgulomer,"1,572"
alevrin,"1,571"
iclalim,"1,571"
07abdullahinan,"1,570"
deez_carries,"1,570"
ogrune,"1,570"
filmlervefilimler,"1,570"
bozzkurtccc,"1,566"
deimonstu61,"1,564"
astiger,"1,564"
kelsidavies,"1,564"
efkar,"1,562"
kurizmah,"1,562"
mischievousmatt,"1,562"
steady,"1,562"
voisu,"1,559"
korin,"1,558"
rechy,"1,558"
choppyreviewer,"1,556"
tugcebas34,"1,556"
purpleguy-7,"1,556"
takkeliorumcek,"1,554"
tamuhabu,"1,553"
freedomgrower,"1,551"
mizzyrose,"1,551"
skrtastrozh,"1,550"
lynect,"1,548"
pewdiepie_community,"1,548"
garbanzo,"1,547"
damlabarut,"1,544"
bidilimtv,"1,543"
fosforlusari,"1,543"
tharealsnoopdogg,"1,542"
potatosenpai93,"1,541"
ugur,"1,541"
itzshadow,"1,541"
diapolly,"1,540"
extremee,"1,538"
bysameddd,"1,537"
kajaa,"1,537"
icegamer,"1,536"
reeyz58,"1,535"
stream-master-gaming,"1,535"
mrs.mysticc,"1,535"
rexoo0,"1,534"
maviquinn,"1,534"
yobazzers,"1,534"
muhammedgn,"1,533"
athenabambina,"1,532"
wadaaaa,"1,532"
memoli,"1,531"
bigbearaf,"1,530"
herefshyfshy,"1,529"
alfreis,"1,528"
mylesmatee,"1,527"
smokenscan,"1,526"
c4level,"1,524"
waspears,"1,523"
imehmetyilmazz,"1,523"
dimexbag,"1,518"
demirbeyofficial,"1,517"
damario,"1,516"
markusme,"1,516"
nerdofthenorth,"1,515"
khaoskeith,"1,515"
knavesstv,"1,515"
pixeltree,"1,514"
tomtuffnuts,"1,514"
rightmeow,"1,513"
balaunica,"1,512"
kadircan.aydn,"1,512"
lauraofficial,"1,512"
lejonbrames,"1,512"
d3r1n,"1,511"
umutsbey,"1,511"
wanessawolf,"1,511"
locutor,"1,510"
zeitgesttv,"1,509"
bohemian,"1,507"
miss-tral,"1,507"
vanessacaju,"1,506"
larchipel,"1,506"
beater,"1,504"
mrpickles1246,"1,502"
khafaji,"1,502"
leekorea,"1,500"
fauxever,"1,499"
karatopak,"1,498"
cherrystl,"1,498"
dublajhane,"1,496"
efekandemir1,"1,494"
zwolless,"1,493"
oxmann,"1,491"
linonetwork,"1,490"
fr_presse_sauerland,"1,490"
necoburakmarkham,"1,488"
tetikci06,"1,487"
orjntv,"1,486"
joypropet,"1,484"
scratchpoint,"1,483"
vzeyn,"1,483"
komyko,"1,481"
fernanyoutube,"1,480"
corsia,"1,477"
biyoniktv,"1,477"
notlsd,"1,476"
sadullahk,"1,475"
gokhankurt,"1,475"
badmonday,"1,474"
recepyilmaz,"1,473"
bereymend,"1,473"
kody,"1,472"
unirocktv,"1,471"
gankabletv,"1,471"
mesxi,"1,470"
sdere,"1,468"
mezzosopranoist,"1,468"
echogaming,"1,466"
oynuo,"1,462"
ruling5331,"1,459"
thefirebird,"1,459"
dancesportlive,"1,459"
tylerlrussell,"1,459"
cockato,"1,458"
snickerpie,"1,458"
bydeli,"1,458"
attilab,"1,457"
jjstoner,"1,454"
bethgish1_x,"1,454"
killitsgaming,"1,453"
em-is-a-gem,"1,452"
theplayertr,"1,452"
ozzymozzy,"1,451"
epikism,"1,449"
harry_vox,"1,448"
geengaar1,"1,448"
lordenia,"1,448"
majorkill,"1,448"
sous_chef,"1,447"
itami,"1,445"
cezerye,"1,442"
stonecrypto,"1,442"
btuuuuuu0,"1,441"
since-1994,"1,441"
iosmanygn,"1,441"
ivylea,"1,441"
thekinngtayfa,"1,440"
clashland,"1,440"
burcakl,"1,440"
dottorhealer,"1,439"
solidier,"1,437"
xeroxtv,"1,436"
gungirl,"1,434"
rorifett,"1,434"
xioguto,"1,433"
mywontfie,"1,433"
mert_reyizyt,"1,433"
zidan,"1,431"
clashwithbao,"1,430"
hskn,"1,430"
alioytunn,"1,428"
silenceisbeautiful,"1,428"
sinatra_says,"1,428"
baga12,"1,427"
austinoftexas,"1,427"
d3xt3r_aze,"1,427"
vingadorbrambz,"1,425"
weenatty,"1,425"
normalostehtauf,"1,424"
grizz-ghost,"1,422"
streetconservative,"1,421"
ciotr,"1,421"
buseplan,"1,420"
healthy_god,"1,420"
teass,"1,420"
foggie737,"1,420"
falloutshelter,"1,420"
iamdwayne,"1,418"
overallball,"1,417"
thededeex,"1,417"
melihkirendibi,"1,417"
berkecelebi,"1,415"
hunterofficial,"1,414"
patrickspubdotcrypto,"1,413"
sunmilk,"1,412"
bodybere,"1,412"
crazypanda,"1,411"
elfsar,"1,411"
leaflook3535,"1,411"
dongersdojo,"1,410"
icedbear,"1,406"
kauegamesofc,"1,406"
emj_games,"1,404"
enesyasan,"1,404"
mommarock,"1,404"
golge,"1,403"
unreal84,"1,403"
xyasincanpolat,"1,402"
hamstersamster,"1,402"
jarrin,"1,402"
heynicolynn,"1,401"
pabioo,"1,400"
dryscoop,"1,399"
demir.alperen,"1,399"
xraethor,"1,398"
kaiser,"1,397"
mxgamer789ko,"1,395"
impau,"1,395"
arifbroo,"1,395"
calmsurble,"1,391"
superbadsb,"1,390"
cihangirpw,"1,389"
tracksuit,"1,388"
bubblyrumbler,"1,387"
furibenim,"1,385"
emreyalcin,"1,385"
nelyubvi,"1,383"
oyunekibi,"1,382"
teshvl,"1,381"
snakes,"1,380"
penyezz,"1,380"
ozcan09,"1,379"
furcandino,"1,379"
imredryan,"1,377"
mavbex,"1,377"
ppachenko,"1,377"
darkishninja,"1,376"
enuxio,"1,375"
kduado,"1,374"
eirphire,"1,372"
cinarrow,"1,372"
gambleking,"1,372"
fersyndrome,"1,371"
kiimya,"1,371"
deadzpikes,"1,370"
gnomee,"1,369"
instakedi,"1,369"
naneeeeee,"1,369"
aposile,"1,368"
canmertinyo,"1,368"
chief_trumpster,"1,366"
ricveiga,"1,365"
xav,"1,365"
xipot,"1,364"
jayd3n_jam3s,"1,364"
edelxbronze,"1,363"
arti4,"1,363"
ibrahimpasha,"1,361"
adeemce,"1,359"
callummurrey,"1,359"
robinowka,"1,359"
burakemre,"1,358"
sbocgaming,"1,358"
aloysha1t,"1,358"
carusovsk,"1,358"
vaskominoyy,"1,357"
swetnes,"1,357"
arthemist,"1,355"
dlivedisrespecter,"1,355"
jamiedlux,"1,355"
tolgame,"1,355"
emrowski,"1,352"
bonecodepanobr,"1,351"
dazzamac,"1,351"
werynice,"1,351"
foxius,"1,350"
efeboragngr,"1,349"
mammal,"1,348"
markusu,"1,347"
reiyax,"1,347"
thehighwire,"1,345"
gereksizasabiyet,"1,344"
wolfsickness,"1,342"
mtfdshane,"1,342"
hactor,"1,341"
lovetyffi,"1,338"
rook,"1,338"
vadidekisincap,"1,338"
sweatygamer,"1,337"
redkityt,"1,336"
icemachine,"1,336"
hermes,"1,335"
arthica,"1,334"
mehitra,"1,334"
hawkshredder42,"1,332"
cuneyt-sedef,"1,331"
cormorant,"1,331"
kreepers,"1,327"
wildgoose,"1,327"
maskbr,"1,327"
maximiliangamer,"1,327"
4chase,"1,326"
commodore64,"1,324"
herotins,"1,323"
banal_tv,"1,323"
dubzz,"1,322"
jezzakitta,"1,322"
rst,"1,321"
sefaturgut0,"1,321"
judixe,"1,321"
kara_bela_ela,"1,320"
saif,"1,320"
nuclearvikings,"1,319"
mavenn,"1,318"
croppie,"1,318"
basagartr,"1,317"
redlayn,"1,317"
jurjuna,"1,317"
cetolife,"1,316"
culsuzgambling,"1,316"
thediamondstvtr,"1,312"
barrenwolfsbane,"1,308"
abdullahc,"1,307"
atoderler,"1,307"
thebigcheese69,"1,306"
ichbinsalih,"1,304"
sternenkind,"1,303"
wise,"1,303"
sassyvixen,"1,302"
stciiha,"1,302"
brijei,"1,302"
lunab,"1,302"
bysawyer,"1,302"
aliperkin705,"1,301"
y-society,"1,301"
ucan_pide,"1,300"
kiralyn,"1,300"
exit490,"1,299"
realwilljohnson,"1,299"
international_tv,"1,298"
gamespain,"1,297"
agdag,"1,296"
bridgetpanda,"1,295"
1quickdub,"1,295"
eva.ocal,"1,295"
filthysaint,"1,295"
muratcanyildiz,"1,294"
ya.ya.yaa,"1,294"
thevikingkingjay,"1,293"
jemo_tx,"1,293"
colongosy27,"1,293"
alitoprak,"1,289"
thestoryofdori,"1,288"
anarsheet,"1,287"
blakeard,"1,287"
muzcuk0,"1,287"
gokhancalgin,"1,286"
eminbeyyt,"1,286"
slayt,"1,286"
realyusufkdo,"1,284"
riakers,"1,283"
alkantutunculer,"1,283"
enesutku,"1,283"
iamerican,"1,283"
erdemozkok,"1,282"
omegadelta64,"1,281"
davrosvonskaro,"1,280"
nea,"1,280"
macobra,"1,279"
pantherden,"1,279"
tecky2k,"1,278"
kabk,"1,278"
delio6,"1,278"
jalix7,"1,277"
chuckhess,"1,276"
pilcreech,"1,276"
yasinbuyuk,"1,276"
greey,"1,275"
gunezz,"1,274"
cofiyt,"1,274"
geoachii,"1,273"
karamelizeadam,"1,273"
damlacbny,"1,273"
caseythehost,"1,272"
lordhvnger,"1,272"
akebstar,"1,270"
lauratowler,"1,270"
dragondroidgamer,"1,269"
ritsatv,"1,269"
keremekmekcioglu,"1,268"
mehefdedd,"1,268"
njbailz,"1,268"
randomvjthings,"1,268"
ardathevlogger,"1,266"
kevindoering,"1,265"
ladyswann13,"1,265"
oxichampion,"1,265"
miltao,"1,264"
mrdelta,"1,264"
dkwcarlos,"1,263"
maximzocktslots,"1,263"
celinyy,"1,263"
lotuseaters_com,"1,263"
kamilguney,"1,262"
erdincayg,"1,261"
bigsexy84,"1,261"
sourd,"1,260"
okncetv,"1,259"
fortune-8,"1,259"
burakelmetin,"1,258"
rebeccag,"1,258"
danisirbu,"1,258"
oldlarinadami,"1,257"
elbaronn,"1,257"
ahmetfurkanuysal,"1,256"
kayratek,"1,256"
otter_games,"1,255"
baggir,"1,254"
sessiznotalarrrr,"1,254"
oezcan,"1,253"
redpillphilosophy,"1,253"
leveluplife,"1,253"
kadirland,"1,252"
tvsfrankrome,"1,251"
noztic,"1,251"
brozbncgaming,"1,249"
detun3d,"1,249"
berkcamoglu,"1,248"
didi-hunt,"1,248"
realtestotaylan,"1,247"
teardrop,"1,247"
eggywhite,"1,246"
makinyouhungry,"1,245"
taironzen,"1,241"
angles,"1,241"
punished_peanut,"1,240"
dodostan,"1,239"
claire-voyant,"1,238"
metorian,"1,238"
0tugayabi,"1,237"
lextoo,"1,237"
see-you-later,"1,237"
gencihtiyar,"1,237"
redfishyt,"1,236"
seran87,"1,234"
ardaaltinay,"1,234"
berkayvarilci,"1,233"
karaoke_ken,"1,233"
nescode,"1,233"
cheech,"1,232"
mr.thomass,"1,230"
elu202,"1,230"
crackingcrypto,"1,229"
xmertonem,"1,227"
modernityleave,"1,227"
canerio,"1,226"
gamblegangsta_tv,"1,226"
erriles,"1,226"
juiceed,"1,226"
supremequeen,"1,226"
karahafiz,"1,225"
wizardvee,"1,225"
metam,"1,224"
yourunclekye,"1,224"
yagmuratmaca,"1,222"
cenocan,"1,221"
hate_farmer,"1,221"
lazutibey,"1,221"
briansparanormal13,"1,221"
rastgang,"1,221"
karizma_yt,"1,220"
datilla,"1,220"
imyeec,"1,219"
woops0,"1,217"
mabresmi,"1,216"
busesunac,"1,216"
ibjoern,"1,215"
ninjawarrior9382,"1,214"
itsmara,"1,213"
tubacaa,"1,213"
zilchh,"1,213"
retr0yun,"1,213"
nazzdrovyawq,"1,212"
random-x,"1,212"
cendere,"1,212"
pissedxd,"1,210"
kelseykish,"1,210"
rowdysouls,"1,209"
badman,"1,209"
freedomxl,"1,209"
amy_lane,"1,208"
superskipward,"1,207"
bestofthewurst,"1,207"
rainlox22,"1,205"
stoneystoneucmtsun,"1,205"
fatihgulerr,"1,205"
chronic_live,"1,205"
japonsobasitv,"1,204"
aliyandro,"1,203"
crazybrother,"1,203"
hrapacreed,"1,202"
kadincookie,"1,202"
martinamarkota,"1,201"
happydoggof523,"1,200"
koffing,"1,200"
jokersmom,"1,200"
lucretiahughes,"1,199"
the_dreggs,"1,199"
turkofmlbb,"1,199"
eupalace,"1,197"
sefaaslan0,"1,196"
chardeex,"1,194"
bartumalakci,"1,194"
omerkoseoglu,"1,193"
benlola,"1,192"
erduran,"1,191"
vipoyuncuyt,"1,191"
uqiret,"1,190"
sirmarks1990,"1,190"
madmaxmatrix,"1,189"
socialhourgaming,"1,189"
clastpy,"1,189"
txbassboosted,"1,188"
killcamp,"1,188"
aytboss,"1,188"
devranaytulunn,"1,188"
aliturgutlive,"1,187"
turgayaygun,"1,187"
vertoxman,"1,186"
gumbo,"1,186"
norky,"1,186"
mehmetbaytemir,"1,185"
srburro,"1,185"
dr.adza,"1,185"
itsaboutmaeppl,"1,185"
fatihinvideolariyt,"1,184"
omaatv,"1,183"
deaththinker,"1,183"
hayatoyunu,"1,183"
janemara,"1,182"
benyaomer,"1,181"
isakarahan,"1,181"
ilaypisicik,"1,180"
ozgea,"1,180"
ylmz-yplcn,"1,180"
demonofhell-tv,"1,179"
mrbanned,"1,179"
shade,"1,179"
galobravo,"1,179"
niyazixd,"1,178"
philippa,"1,178"
st4gg,"1,177"
tray,"1,177"
tomris,"1,176"
doksansekiz,"1,176"
justfortune,"1,176"
aksoys,"1,176"
defildplays,"1,176"
deliopatra,"1,175"
ntesports,"1,175"
lomski_l,"1,174"
xsylvester,"1,174"
eloley,"1,174"
metehanalma,"1,173"
mehmettahirarkan,"1,173"
heresy,"1,173"
muhammedylmz,"1,172"
alikoyuncu,"1,172"
5ixfingers,"1,171"
barn3y,"1,167"
corbanezz,"1,166"
deusvultforsooth,"1,166"
muhammedbesikci,"1,166"
portoo,"1,166"
memesdidit,"1,165"
yessssiiiiirrrr,"1,165"
emrekkk,"1,165"
kelkadayif,"1,164"
navajo,"1,164"
pandapops,"1,163"
smoshypancakes888,"1,162"
bymazarat,"1,162"
youngandold_semih,"1,161"
erzurumluoyunda,"1,161"
order,"1,160"
imow,"1,160"
profpartytime,"1,159"
aykin,"1,159"
eyyupalp,"1,159"
needcomeback,"1,158"
beard_the_butcher,"1,158"
drunkpinata,"1,158"
polizen,"1,157"
80ligamerler,"1,157"
ryancemba,"1,156"
mrheoom,"1,155"
blue-eyed_diva,"1,154"
thecoincaptain,"1,154"
deli_alp,"1,152"
cemtuncer,"1,152"
missalicious,"1,152"
wiggest,"1,151"
arcanoxgames,"1,151"
kacaktv,"1,150"
kiwibrada,"1,150"
kurnazbeys,"1,150"
cassienovalive,"1,149"
mtnsahn,"1,147"
regulusmusic,"1,145"
x3cu777,"1,145"
hn.gaming,"1,145"
warrior_samet,"1,143"
byrusqo,"1,143"
aysegulgibi,"1,142"
consahins,"1,142"
akmastertv,"1,141"
enescrafty,"1,141"
diesel_draves,"1,141"
joeharden,"1,141"
kittakee,"1,141"
travisyt,"1,141"
ekwomedia,"1,139"
vulcanorossi,"1,138"
mystic-angelcristina,"1,138"
defenestrandojogos,"1,137"
dogaddoga1,"1,137"
hartzy,"1,137"
idavut,"1,137"
pawzee,"1,137"
umutkarakus,"1,137"
denaz,"1,134"
marfoogle,"1,134"
sicky,"1,133"
mr-wesker,"1,132"
epicmerchoc,"1,132"
rvl_kadir,"1,131"
plucky,"1,131"
sirenah,"1,129"
mustafakbulut,"1,127"
yasakli,"1,127"
microphone_maven,"1,126"
grizzyy,"1,125"
erenakinci,"1,124"
my-sun,"1,123"
patiklipenguen58,"1,123"
ustax,"1,123"
cheryboom,"1,123"
caglagurcer,"1,122"
noelplaysseries,"1,122"
sisokoo,"1,118"
warcampaign,"1,118"
demon2hunter777,"1,117"
jaxboxchick,"1,116"
gil_p,"1,115"
nateoxide420,"1,114"
coxnewsnetwork,"1,114"
freyatv,"1,113"
neversurrendr,"1,113"
fsharp,"1,112"
thefreakzone,"1,112"
selcukkurtulustv,"1,112"
smokingooba,"1,111"
kt34,"1,111"
kozmik_adam,"1,110"
chillhopmusic,"1,110"
nivo,"1,109"
jinkisaladin,"1,108"
elajoga,"1,106"
st0rmbreaker,"1,105"
anlaslmaztg,"1,105"
bekkii_taylor,"1,105"
bigmike1287,"1,104"
ketcaplinugget,"1,103"
onosayan,"1,103"
pistovvv,"1,103"
loopylamaaa,"1,103"
akyolltugra,"1,103"
untamedelement,"1,102"
ooceifadoroo,"1,102"
tatiua,"1,102"
irfandogan,"1,102"
fersly,"1,101"
msthink,"1,101"
theycallmejd,"1,100"
supersportgames,"1,100"
hakankulaksiz,"1,099"
leo7yl,"1,099"
kivircikreyiz,"1,099"
ewandmi,"1,098"
hak7,"1,097"
nurettincevik,"1,097"
bkjohnsen,"1,096"
ecemsahin,"1,096"
turbolaz,"1,095"
jayis4justice,"1,094"
lynch06,"1,094"
mooktnb,"1,093"
maryka,"1,091"
sangria,"1,091"
bama256,"1,091"
deccobugado,"1,091"
alibaskanyt,"1,090"
civiliks,"1,090"
cemyk,"1,087"
cokee,"1,087"
mustafadizge,"1,087"
rogue,"1,087"
selmanw0w,"1,087"
zykotik,"1,086"
kennymcgaming,"1,085"
luckyburo,"1,085"
checkk,"1,085"
doomargaming,"1,085"
kabyte,"1,085"
mavisfreestone,"1,085"
klos,"1,084"
buratti,"1,083"
arceliaa,"1,082"
quartiy,"1,082"
ronniietv,"1,081"
kaptanpars,"1,081"
yt_parsa,"1,081"
chainfeeds,"1,080"
potts,"1,080"
snowmann,"1,079"
mishkagaming,"1,078"
fallenangel8504,"1,078"
melbugx,"1,077"
spunktnews,"1,076"
medyakatili,"1,076"
ulas,"1,075"
scyushi,"1,075"
wolverines50,"1,075"
tupro,"1,074"
bajolalupacontenidos,"1,074"
rabbitwormhole,"1,074"
diexer,"1,074"
emhail,"1,074"
projecttube,"1,073"
tony_castle,"1,073"
giuseppe0,"1,073"
jengo_pz,"1,073"
gameoverjamais,"1,072"
tommysa,"1,072"
naturalbro,"1,071"
ridgelive,"1,070"
levictoria,"1,070"
ajmurphy24,"1,070"
a.y.b.a.r.s,"1,069"
omeradmin,"1,068"
jxo,"1,068"
slateplays,"1,067"
hitzclutch,"1,066"
partygoy,"1,066"
pcikblo,"1,066"
ozkanatar,"1,064"
reading_the_gospel,"1,063"
leaysa,"1,061"
s4s_chous,"1,061"
rikiblades,"1,061"
escape2k,"1,061"
r3wella,"1,061"
bathrobe,"1,061"
bobby62,"1,060"
fastest,"1,060"
g0blina,"1,060"
lolo_streaming,"1,059"
bekolive,"1,057"
tioserra,"1,057"
snowboard93,"1,056"
ferzongg,"1,055"
eliminated,"1,054"
yunuskla,"1,054"
chestlerss,"1,054"
dirty-youtube,"1,054"
sarmal,"1,054"
xobrooklynne,"1,053"
demir-abi,"1,053"
ulasify,"1,051"
eversoeasy,"1,051"
irvincee,"1,051"
karangutan,"1,051"
burndown,"1,050"
texasoffical,"1,050"
tqahasan,"1,050"
tikostreams,"1,049"
handebudak,"1,047"
joyella,"1,047"
kayrasolmaz,"1,047"
akakson,"1,047"
metinasan,"1,047"
synerrgy,"1,047"
jeamus,"1,046"
memoriagamer,"1,046"
napalm21,"1,045"
ukneil,"1,045"
burt_cokaine,"1,044"
serhatlive,"1,044"
rasit_kaya,"1,043"
mrkam,"1,042"
ayberk,"1,042"
bytalhas,"1,040"
ericwilson,"1,038"
sihirperest,"1,038"
siyahseytantv,"1,038"
soulution,"1,038"
budderking,"1,036"
cobalt.tv,"1,036"
devkarga,"1,036"
bonebrokenn,"1,036"
pan1cgaming,"1,036"
ozcantocoglu,"1,036"
bigsteve,"1,035"
linkxavier,"1,035"
suitongamingtv,"1,034"
alpkasutotv,"1,034"
thelongestchain,"1,034"
talhablomm,"1,033"
max9nine,"1,033"
lynxsuckdick,"1,032"
napoli,"1,032"
cancelthispodcast,"1,032"
chriz,"1,032"
senpaytv,"1,031"
jangojung,"1,031"
vasqess,"1,030"
muhammettosunn,"1,030"
baysevindik,"1,030"
finesse.tv,"1,029"
retroesportcenter,"1,027"
girol,"1,027"
imsebaxtv,"1,027"
xkobay,"1,027"
voicebey,"1,027"
lynmann,"1,026"
glacee,"1,026"
mutemancer,"1,025"
thomasbrush,"1,024"
paranormalwhitenoise,"1,023"
diloxze,"1,022"
gloiron,"1,021"
havanna889,"1,021"
yusufreal,"1,021"
mj_the_gr8,"1,020"
verbotempestas,"1,019"
tedwang,"1,019"
alimert64,"1,019"
kivanchy,"1,018"
emregeyik0,"1,017"
emrehantr,"1,016"
hentairique,"1,016"
archuary,"1,015"
diabloko,"1,015"
gigigelovani_sasuke,"1,015"
prezade,"1,015"
bizimkizan,"1,015"
siyahstaurop,"1,015"
meloh123,"1,014"
riemann,"1,014"
kosmicish3r3,"1,014"
serdaraydemir,"1,014"
mudoss,"1,012"
reistr,"1,012"
setenayparlat,"1,012"
westan,"1,012"
mr.ricky,"1,011"
etijhinwp,"1,008"
joetheboomer,"1,008"
alyaamina,"1,007"
brchaze,"1,007"
saveondreamer,"1,007"
star_scorpion,"1,007"
nureddincan0,"1,007"
sezginbozbay,"1,006"
gy-gurkan,"1,006"
sifrifana,"1,004"
jxke,"1,004"
btctrading,"1,004"
mkvteam,"1,003"
pcdopaulo,"1,003"
alpermeta,"1,002"
ghostvida,"1,002"
lufreitas,"1,001"
mdwhit60,"1,001"
saintbenz,"1,001"
ninjawarrior9384622,"1,000"
enesingg,"1,000"
tr1patrons,"1,000"
joyofpesi,999
ryno,999
onwardbtc,999
super.mrnintendoking,999
dirtygerty,999
zickom,998
beyzanurserin,998
chevs710,998
stagnation,997
radioactivebrain,996
frickenwhale,996
gamextavern,996
goldyofficial,996
ademalma,996
asmeda,996
limb4ever,995
kompela,995
jugtazi,992
linzeee,992
umutc4n,992
vivelive.tv,992
rollthedice,992
kanto_141,992
playtoearntr,991
scorpio78,991
thequart,991
avxnation,990
cemalsevindik,990
melikeaggilioglu,990
keia,989
romeogaming,989
dapont,989
captaincontent,989
charkon,989
mrsfiremancv,988
esratv,987
patriots_soapbox,987
canadian_witch15,986
whitefoxliz,985
scrumpog,985
sivix,984
hocadaburda,983
gr0yperwave,982
zenton27,982
dan-a,981
zencirkesen42,981
eryon,981
amber_gg,981
nickcleveland,981
recentpubgm,981
gamerfaroe,980
unge,978
yucelkarakoctr,977
mamitw,977
riva,977
typicalplaya14,976
neeyellow,976
darkray1337,975
quagzy,975
connor_paints,975
claus_odw,974
plattplays,973
adilmolla,973
disguiselive,973
tkl_kurtbey,973
flak3,973
ahmetawbowie,971
canaltinsoy1,971
vewgsvxsfewesfa,970
just1sttv,970
beyefendii,969
eolo,967
yusufsaka,967
realbuse,966
xmary,965
beyazsakalonuron,965
sergenozkacak,965
ent9,964
efuhwiw8qye,963
acesworldwide,963
b4lut,963
burakmemisyt,963
berksank,962
kiaraakitty,962
swaker,962
deinematrix,961
burlycaveman,959
kayahan,958
seth,957
soner1984,957
salim_laibi_llp,956
freeeasycrypto,955
delircem,955
mustafaycatopal,954
mollabey,953
hermanthegreat,953
kdrdvrbsi,953
zoom,953
twistplus,951
miachipel,951
bullpew,950
fearmagic,949
makery,949
nepado,949
soulscreamyt,948
teodark,948
haddz,946
cregtv,946
orderneedschaos,945
tlghngnc,944
game.won,944
moambi,943
umutdemirmain,941
buggi-gang,941
thecybermonk,941
xxeremin,940
bellavivi,940
hake,939
megatronz,939
denizaslann,938
spellka,938
six8.gg,937
effect-y,936
mrcore,936
anil.arikoglu,936
trippyhippietv,935
akinakduman,934
xp4tr10,934
stormzyonair,934
sososmooth,934
int_thomass,933
wintercobra,931
jessewinfree,931
kikettestar,931
zmoonya,930
tuzlu1a,929
xcerberusx,929
blackpilled,928
senolkaptan,928
antitinkerbell,927
yalinengin,926
heraskia,926
newbs,926
papulitv,925
mamireyy,925
shanks,924
whizznation,923
virtute,923
oz_dostlar,922
madeinusareview,921
boom00,920
onemancbanned,920
queen-asyana,920
beratgultekin,919
yet7,919
bakilerdenburak,918
boobswetrust,918
odinz,918
a.samet_celik21,917
grandturismo,916
doorless_yt,916
burakyilmaz07,915
salimhsdmr,914
muratgelir,914
noxus,914
sporp,914
apg0,913
grizzly_patriot,911
krimpsalad,911
hudaikara,911
borekmafyasi,911
mariokings35,910
tayfunerkantv,910
whitearmy,910
sxirtla,909
hooligun,908
slmbenemirr,906
linofounder,906
mechmet,905
meprol,905
justasinner,905
moeymoemoe,904
emirkartal58,904
burcup,904
scoobydoobydooright,903
titillando,903
daddyspardan,902
xanthus,902
garys_trains,902
lennyss,902
h1ddn,900
buhhnny,899
mythicbee,899
seemore,899
yektayildirim,899
paradoxyt,898
glexnes,897
leonardo58272,897
giogames,896
berb,896
darkoxygen,895
cuerpo,895
itamiwr,895
vaultmusic,894
helinduman,894
n1fishing_yt,894
docwanton,892
kush_beaverttv,892
ladygamer267,892
lezl0,892
4moreyearsmaga,892
oguz_sari,891
orhanzl,891
tuzunbey,890
hotgame,890
clyze,889
xantias,889
tromum,888
envoilepeze,887
schattv,887
bryanlovecraft420,887
tagbacktv,886
chazer,886
ekimonlinelive,885
bhmotion,885
hopevalkyrie,884
moriarty,884
maltepelojistik,883
theweeklysweat,883
diddlakilla,883
kvltgang,883
gukaa,882
scadamoosh,882
dexxa,882
makordin,882
feederhatun,881
thasanalibey,881
nicthespit,880
batchgamingtv,879
lordsacram,878
sims,878
bombchuguy,877
ardabaskan,876
fpg_odin,876
emreemir351,876
el-buro,875
disportum,875
bahrikaptan,874
warrior,874
tcgamr,874
rushy_rushu,874
nilalaylomm,873
m.f4lkes,873
burakkcr01,873
caganx,873
p0lp0,872
supercrafty640,872
snoman43,871
chrisspinsslots,871
f4kanzy,871
baronemelo,870
coldscream,870
lindznjohnparanormal,870
octofone,869
tellfull_oficial,868
fatih.kiraz,868
gnf,868
missluckyducky,868
smokeydogg,868
zmonarch,868
bitcoinbhull,867
myschkin,866
bloodhooligan,866
thefridgey,866
twinstabook.com,866
resistancechicks,865
solsunforge,865
danielauslandau,864
bruglione,863
tubz,862
deanna44,862
jofrozi,861
power-of-love-mc,860
commanderseven,860
raphaell,860
izmir3535,860
xlsilent,859
qeasy,858
capsloexss,858
wootph,858
dief,858
counterculture,857
0rexo,857
jenny9004,857
mue,855
bacanakss,854
beswave,854
esomat,854
elixirhere,854
a_bishop,854
ark5555,854
owlmighty,853
cmoq,853
kadirdincyt,851
garipparamedik,849
amandani_play,849
martianv2,849
mrnursee,849
fatihcaner,848
xsynox,848
hakimkerem,847
cfhasan,847
gatitahermosa,847
guyonabuffalo,847
xarda_beyx,846
sanlibayrak,845
wallwalker,845
ridvan540p,845
rogue1s,844
warpcapablemammal,844
mete.bulut,843
hcoskun,843
maggstor,842
epicfail_legion,842
aintezbeinchz,842
dilenciyimben,841
maestropoolyt,841
onursevcan,841
siyahadamm,841
hsnclk01,840
lethaltoast,840
ombreviews,840
noottyp,839
abitbackwards,839
barber_mcp,838
juasjaen,838
badgerbae,837
maria_moon,837
rafa.bugada,836
kylowranch,836
yavuzsulun,836
mbcgame,836
liktesya,835
russokill_pt,835
sowhat12,835
redpillgamingtv,834
souljaboy,834
domoking,834
wollega,834
soothingrelaxation,834
jusths,833
uletnaya_blogika,833
conservativenation,833
mspaint,832
brysongray,831
khadrox,831
honigwabe,830
jniyn,830
bygoodbey,830
alfaoyuncuyt,829
heybetlimario,829
thechokedealer,829
coppertropicals,829
xyusufturan,829
sorareverso,828
pachomu,828
old_school,828
fulcrumnews,828
kenyanon,827
sarikhan,827
yigitalpcavdar,827
kernelillo,827
drugto,826
yusraaley,824
alemaotq,824
proacs,823
clv-cemolivee,823
leagcykillers,823
parkerprofane,822
supermanyak_dlive,822
gorknox,822
timooo,822
scottthetruckdriver,821
breathinglions,821
7freeman,821
kutayunver,821
gameharekattv,820
laurardx,820
fragmatik,819
rapidoxlol,819
pdabrosca,818
leurus,818
davelive,818
yakupbala0,818
coco_bear,818
ens51,817
mc83,816
metwiu,816
mami,816
richeefer,816
alexzo,815
scoobyofficial,815
samislivee,814
feltonbr,814
pastorblue,813
xshow,813
yasinsekerr,812
yonibbstv,812
sahtekartv,812
topfeedcoco,811
karaguc,811
wantedwoll,811
sobgames,811
wh0cares,810
emeraldlord,810
relaxfeels,809
alchemistcarter,809
flux,808
g3mini,808
sabrisevme0,808
matt1295,808
its_sasha,806
miraiys,806
tv12_mafi2a_music,806
critiqued,806
el_fuego,805
ex-bugra,805
sookii,805
castieli,805
hesenov_rauf,804
semilyone,804
kiritooo,804
izchi,803
korigan,803
alicia98,802
1tugbayasar,801
minajorboi,801
restreambot,801
dfstoken,800
nesteggio,800
mommabearz,799
betekaexe,799
swenzzyteamn,799
bymusty,799
hunchojames,799
1sot,799
u.z.i,798
bigalejandro,797
leoxwhite,797
devon_tracey,797
enjanteadamm,797
fbbtv,797
zecash,796
stryker.the.redneck,796
wprpn,796
kafadankontakyt,795
schytan,795
princehubris,795
misaglitch,795
mrsarg1n,794
sharialabeouf,794
dwozyt,794
tgr-zero,793
jayd_god,793
archibard,793
venoux,793
draco_bonfoy,792
heyri,792
sjcofficial,792
mikadoxs,792
arda_bozkurt_0,792
namesakeradio,791
posthoctv,790
mortekayb,790
mangekyomma,790
xready,789
therabbit,789
xelnano,789
immude,789
hypatiaoa,788
raitonfps,788
cjowel1,788
createacefe,786
mavera,786
weezyhub,786
sihaackams,784
alpcankys,783
eyup69,782
r04ch,782
amariee,781
mestrekami,780
getlikeyayy,779
bg.emir,779
tsutatahiedra,779
alpsubasi,778
bgilbert85,778
disdraxtion,778
emre.pp,778
thirdparty,778
twingatz,777
drearydoll,777
btwstinger,777
cheaky,777
serdarer,776
game.master,776
piratekingwalrus,776
cameon,775
velerc10,775
bmcan,775
thisiswhywefight,775
serenitylive,774
geoderocks,774
jfg,774
lukeslewis,773
yato.kai,773
yusufcanender,773
siena,773
techthai,772
kayrarslan,772
tampointblank,771
mertenes,771
resif,771
zlyzajo,771
countrygravy,770
veyiskylsz,770
larasalvatore,770
soliun,770
dxcountry,770
hidden,770
withemdias,770
podemos,769
t3az,768
adaniel,768
fugnol,768
hbmytv,767
wolfosha,767
bb_notyourwaifu,767
punchy,766
rolliegames,766
keytoplay,766
taticarvalho,766
ichbinsefa,766
hejirofficial,765
pixeeltv,765
eexo,765
ergest,765
ogi01,764
semiharikan,764
crazyanaa,764
furkankesiktas,764
karekareoyun,764
smoogle,763
sherwin,762
xxqueenbitchxx,762
dewamkewtf,762
zky,762
ctr-tekko,762
nevahno,762
abrek,762
bullyjon,762
longevity,761
extrabbit,761
cemdirhemci,760
speshy,760
blowing,759
gaunthlow,759
azras,759
og-bora,759
lagtv,759
missmeov,758
whitepm,757
jetfasy,757
atacanblacktooth,757
loenx,756
gheto,756
novaprospekt,755
animeshon_music,755
godfather7,755
theofficialebz,754
muzi_efendi,754
moneyrich,754
thedavidstayshow,754
nextdaydeliveryman,754
jujuvibes,754
einarkuusk,753
elentrena,753
avoie,753
mister.b,753
crazycliff,753
ozgurozdemir,751
royalsurgeon617,751
amolmahajan,751
gueenmalfoy,750
akifdilek,750
coincard,750
bleakj,749
kapalihesap,749
phillyg_pj,749
sandwiches,749
nefes3475,749
kaanstyle,748
leojoaima,748
jesustq,748
itsreklus,747
emircanhd,746
dammitrooster,746
doge,746
freedomwp,746
petey,746
valiviel,746
tronslayer,745
krunkz_kreationz,745
dubspitex,745
kilosworld,744
adolwulf,744
alexandriayay,744
aslankral06,744
emolifer33,743
gamerzdad,742
medilof,742
xtery55,742
yuggii,741
illusions23,741
berkayisildakk,741
cycedyce,741
carbonmeister,741
snaksel,741
newstimelive,741
tarkancanca,740
alekacp,739
rhythmiccarnage,739
cybergrinder,739
malikmrcc,739
zemheri,739
sahinereness,739
samitysamcabbie4life,739
spactacled,738
ajan47cccoffical,738
furkiyzg,738
kyieraaa,738
hazel.girl,737
vandaltivi,737
unbsk,736
jkss,736
sushytm,736
missthunder,736
sozdepskolog,736
mehkar,735
svetlanasavinkov,735
hayto,735
missseashell,735
ultimatewifey,734
artemiseylem,734
denizunity,734
oblivious,734
deceitgod,734
maliern,733
deborahh,733
ye_qiu,733
interesting-tv,733
calmingtemper,733
flavor43,732
yasinerenn,731
djmrtcnn,730
shawn001,730
thesolarrisx,730
pianteyt,729
jaybird42,729
jeffooo,728
aninhasilva,728
crushedboss,728
didactikus,728
fabin_oficial,728
kurall,728
gabrielwars,727
kelrain,727
theterrirunnels,727
crqs,727
semagokce,727
unicornice,724
tskipurtovich,724
cantadafail,724
selamsa,722
ali-aksoy,722
hoskadinbosadam,722
flaccon,722
semasarmis,721
ezexzo,721
dlivesparky,721
catrick,721
slyth,721
helioskeptic,721
bericotico,721
carrywhonotme,721
lil_rebel_lindsey,720
theaek,720
ostreaf,720
easymoneyy,720
singularinfinity,720
patgrl,719
otedecry,719
redbluefox,719
harunkordontv,719
chabskyshow,719
clasicktv,718
burakoncu,718
lmaowtf,718
kafadarbaltalar,718
nonongaming,718
insomnia.1,718
furkan.bora,717
rosykata,717
pewds_sent_me,716
bsyoutuber,716
dasevin,716
allahdiyenmertcan,716
queenelisa,716
walrus1407,715
cynicalcho,715
byloke,715
oxilon,715
berataydogmusyt,715
hemsir,714
arca_1,714
astruhfy,714
stnews,714
bloodyman,714
sfenksyt,713
priapostv,713
hasmetli-yasio,712
haktanreiz,712
dora-tv,712
zakezrk,711
kleyn,711
bahadirsariyer,711
rainqueen,710
emp4th,709
tgn_jinjanutz,709
unsurgame,709
beratyilmazz,709
bygamebook,709
cast1ng,708
hostesbey,708
fleet,708
megy.li.arts,708
meliherkanersoy,708
bonsaibarsky,708
nekomew,707
raccoonman,706
bygeveze,706
adrianna_and_whip,706
xlerashaun,706
gamecubedude,706
mahiro62,706
seikan,706
stickyflames,705
superme,705
glykke,704
canaldobin,704
elprogamer4,704
mickeys,703
solgnir,702
exerebus,702
igsteven,702
4rrow,701
redfire,701
jwienn,701
cpt.caveman,701
realcool,700
girift0,700
haslanmispatates,700
canva,700
jojobasreacts,700
mixerbenn,699
them4x,699
ehehehehes,699
delive46lik,699
deadby_esports,699
renewbritannia,698
sidjei,698
the.fox,698
alprenaydn,698
cuebeetv,698
dangelico,698
blackssama,697
whitespawn,697
smokyy,697
martinezperspective,697
bettymeinn,696
kaminablue,696
ardadogan,695
dizzy.spells,695
qelinjik,695
susannahmiadean,695
turpsalatasi,695
hammergeek,695
gospelbearer,694
cryptocurrencynews,694
dakdal,694
imheron,693
hurgeneral,693
sandrokora12,693
laditv,693
zula-team03,693
nerlin,693
joyjoyy,693
tubbles,693
andywhat,692
tinex420,691
msolakzade,691
og_majestic_lion,690
grimlockeprime,690
kresha,690
bncamo,690
gigawat,689
jonimt4,689
kiffii,688
wust,687
epicsamurai,687
ibrahimeker,687
ismailkeceli0,687
jcisgaming,687
aygularslan1,687
smarba,687
sacsizadam,686
stephenignoramus,686
darksiren,686
funnyfunamo,686
ardamurseloglu,686
dilaraa.kaya.1,686
angel,685
astrote,685
birader,685
chakdeveloper,685
ricelingofficial4,685
littlehands91,685
urielftw,685
padreelferenco,684
sinanozdmr,684
veloboost,683
lordbs,683
samatli,683
gaminggr33n,682
t4tar,682
yusufylmz72,682
brailleskateboarding,682
smoothio,682
kadliva,682
bianna,681
troxen,681
furkiyt,681
therealmotherhen,681
mixas,681
mehmetcimen,680
prira,680
rapidoc,680
d.white711,680
whykuala,678
weebak,678
tabutcutr,678
withguytv,678
i3estkeptsecret,678
three_raccoons,677
bixi,677
irakli.gamer_yt,677
picoshi,676
cg_raven,676
sarahcain,675
jetex99,675
keremozdemirrs,675
morganmartinez,675
hb-ardaocak,675
degenerado,675
midwest_jeff,674
voymike,674
freemusicjukebox,673
hunter,673
yusufzor,673
theexoelite,673
hellraiserfam,672
musicspin,672
articwolfplays,672
batangemi,671
generalgaming101,671
thiji,671
ben.must,670
hoenflece,670
comebck,670
spawn,670
malaxystar,669
mertaltuntas,669
dabulyou,669
shibathedestroyer,669
vibrantkimiko,669
its_rascal,669
omer-bolukbasi,669
ikiadam,668
shadow1jacob,668
musclepandaa,668
itzminical,668
khalilmuza,668
sicrabbit,667
zenkay,667
dannny0117,667
jibberwookie,667
rbarut33,666
gothgoat,666
joshbaked,666
naworld,666
kenanguness,665
scumstergaming,665
dim300,664
housekeeping,664
hberrios23,664
camplee,664
w1seman,664
blacksee,664
n4kliyeci,663
itsdarkomode,663
cooldogie,663
smol_gaymer,662
vaatitheminish,662
fusioncruiser,662
goldsilverandmoney,661
the_kings_men_82,661
pacrat35,661
slothqueen101,660
ahmtcxn,660
twhneo3466,660
hackeri123,660
hasbugs,660
ixontv,660
elpresidente_fromyt,660
ize,659
brother4ever,659
mrberk,659
bad_batu,659
jobfor9,659
go_game_channel,658
basilisk,658
sadxdadas,658
askdoctormurphy,657
lentilstv,657
ravagedragon,657
pudi,656
onlyomerr,656
torunn,656
daveyzee,656
mhummy,656
irawi-noise,655
cemulasdemir,655
gigglepickles,654
fimmel,654
kaanlifa,653
lala420,653
downtowndetailing,653
etoaslan,653
bazzzaar,653
ehliman,652
4-star,652
diadelosmuertos,652
eyo,651
alvarosgtv,650
hullofficial,650
semakralj,650
mavangel,650
virgil,649
wherezwaldo,649
og-420,649
d.a.bykee,649
conjuring,649
megachopceo,649
momma_optixz,648
yaren.sc,648
dolphinwolf,647
elissefray,647
haticemert,647
navarinn,647
serhatcankamac,647
sgtskully,647
bnutza,647
cinarsonat,647
duobott,646
kaanbeast,646
sanddealer,646
fahnrich,646
swayguevara,646
only_rekt,645
daveramseytv,645
ravenod,645
dygrin,645
dj_sleejay,645
grgakgames,644
alikantarman,644
maverickangel,644
yasintrkl,644
assistmaker,644
gg1force,644
simurgh,644
lukethomasny,643
magnus_von_thule,643
evoa4,642
raw-alpha,642
zack8,642
neoratt,641
jakehusdon,641
ocx,641
lucianhk,641
kitty_fusiongtx,640
nettv,640
jolteon06,640
turkowltv,640
mastfafu,640
lecielo,640
redeaglepolitics,639
siyajinn,639
candykbr,639
nesliii,638
rakipoyuncu,638
hanridge,638
viiiziio,638
semperreloaded,637
ozansen55,636
cagatayibis,636
whonoze,636
theninjadog,635
mermisuyu,635
flanelagameplays,635
w_t_c-7,635
emwin00,634
mkidzz,634
agabbe,634
bugraetiz,634
cryptochickenfarm,633
dunfinn,633
madturk81,632
indroidi,632
kaanyldrm,632
playermakertv,632
nojoe,631
junex,631
kamidnt,631
hyperrnexus,631
kgt-usta,631
dyreswoe,631
yunusek,630
zerranoza,630
berkekocamn,630
menellie,630
tonythegame,630
gaskoyt,629
bezuar,629
mahomix,628
emrecelik,628
imagezgaming,628
internetcicocuk,628
keenlui,628
plus_aksoy,628
bachicg,628
chris7420,628
denizbaran,628
creepx,627
mamytw,627
omnium,626
franekfiranek,626
ercan.oz,625
jckento,625
asikaa,625
conanbr,624
dgt,624
wanish,624
zionmehmet,624
zynta,624
clarrr,624
riwe,624
popii,623
uweshl,623
lovablerussian,623
timmallen,622
schepl,622
dudeman_76,622
jonaslives,622
misterminecraft,622
andershell.tv,622
thanatos2,622
elderwise,622
spunkt,622
sva,621
rocknight,621
sweaterpuppies,621
princessshenn,621
misspinky,621
lurcherx,620
serkansenyt,620
sumeyyeketenci,620
akolinda,620
visionbalkan,619
sanlengaming,619
spontaneousj,619
spuddy,619
dalgon,619
waggs,619
tomtourettes,618
richiefromboston,618
hope_x,618
gecekuschu,618
jjtvuk,618
ladydragon,618
muharremkdr,618
psosn,618
tandrilion,617
yoluck,616
pauloderoselve,616
reqna,616
gotzerolife,616
jimmythelip,615
uber,615
m4gentaa,615
patriotshepherd,615
paulogunner,614
reeech,614
sandelingames,614
trakyalitv,614
thordoom,614
theprogame,613
lizajeyss,613
falout22,613
madmextv,613
otti,612
efsun,612
emrahguvendik,612
intjacop,612
jaissonfarias,612
rogeer,611
zizzlehd,611
acemikertenkele,611
graywarden,611
alexgamer0x0,611
pixelkittea,611
mehmetcakirytb,610
ozgur_demir,610
sweetsacrifice,610
muhammeddx,610
dramaticartist,610
vivinecron,609
chiefff,609
xx_jennly_xx,609
atahann,609
taylanizm,609
piyonn,608
sytrone,608
zabetsanna,608
yusufyolyy,607
therealwonderwoman,607
cryptotrippin,607
kallcn543,607
karahanbross,607
keksec,607
jaysen,607
oldgamermarv,607
hamzayigitt,606
hibu6k,606
biggie-mac,606
vasilissadore,606
mariandreapf,606
nightnationreview,605
vinceableworld,605
tomheats,605
studyo_king,605
thel4rn,604
noss,604
joshyposhytv,604
pathfinderr,604
ulastek,603
millenay,603
slavicexplorer,603
irrationaltimes,603
erdal.tas,603
profound,603
samii06,602
bunnygamer,602
akslepios7,602
isimsizgaming,602
eylulkaracaoglu,602
gmsgaming,602
kredundead,602
hoppalatv,601
oyuncubabalar,601
necirvan,601
pewdiepies,601
thepunkhiroproject,601
vivisteria,601
marla,600
ivywillow,600
rulzz,600
3x0t1c,600
cagrix,599
digger,599
muhammet.bgl,599
morelore,598
oyunokuzu,598
arcadeoutpost,598
banzerino,598
jimmy,598
squuadron,598
thunderfist88,598
misssmartypants,597
lolisuou,597
ghost_soldier,597
rakist,597
bilol,597
bugrasarii,597
juicebox,596
expol,596
wetch,596
curiousdiscourse,595
friskyland,595
ardaayd1n,595
azenca,595
creag57,595
ahmetreisofficial,594
baywhisker,594
3spiritradio,594
toto.desaster,594
fanntoxxx,594
pyrotechnician9,593
thedilleyshow,593
jakels,592
pakenzyy,592
pigginatti,592
anarcist,592
magacoalition,592
foures,591
nomaunited,591
twinspray,591
suspectz,591
cheatbone,591
57772852752,591
elevia,591
janaegamingg,591
alynaley,590
jacobslive,590
lucidrock,590
noppp,590
elverta,590
lewlewmagewgew,589
2centsplus,589
terrakotek,589
trumpit,589
ugurkardas,589
sharpshootermodgod,589
beardedrando,588
kolsuzkral,588
eagleeyespiritchat,587
sonsuzkral,587
j2mie,587
ben_chrollin,587
arif_beyy,587
streamersconnected,587
qritos,586
sagemodex,586
evacash,586
ghozituh,586
s4ns1no,586
indigofamily,586
lonelytear,586
dede.tv,586
bragva,585
radiorebel.ca,585
ksmallz,585
memedalitv,585
fireomur,585
gazzaplayz,585
smokeshell,585
fergulbergul,585
ama-oha,585
squeegeesnipes,584
dliveuser8,584
medle,584
rob_aussie_1989,583
rokimastah,583
hendrikebber,582
a90skid,582
uchaa,582
hakancan.namli,581
juninhorn-gameplays,580
rxlay,580
w1ndham,580
trxaros,580
jooly-ardapolat0,580
cerencyl,580
traull,579
fruexy,579
haqqus,579
ericwalker,578
ihatebanana,578
jenaam1deyiz,578
turgay_gg,578
unlost.v,578
borulcek,578
baysarikaya,577
kingbilall,577
bullslayers,577
metalsoldier,577
looker90,577
spent_canister,577
terrytibs,577
ana_music,577
theycallmedom,576
hyperiontv,575
oldmartin,575
ashmodz,575
yunusemregokdag,575
irelandboys,574
pembegirgin,574
djskyokc,574
yagizkurtulus,574
beeredossie,574
spreadd,573
kocerotv,573
briggah,573
esmercikolata14,573
mustbulan,572
hayri1372,572
keanjushei,572
cammy,572
aykhub,571
baytargaming,571
karsasizm,571
mrchris7582,571
gamedojo,571
thisbedaisy,571
ztheory,571
wildsmile,570
xbahtam,570
ardathefinest,570
never-lucky,570
alonedark_tr,570
normalamerica,569
rawchexx,569
ambrionic,569
jlanko,569
akuamarinss,568
ymngvn6,568
wotlaxx,567
djmorto,567
kaanthejesus,567
saimhanikoglu,567
oddenjo,567
onlytoasted,567
prez,567
sefamercan,567
mad_ed,567
szekelyvegan,566
imkenny,566
simon_megato,566
zyrexss,566
borabeyy1,566
pwnonator,565
the_alih,565
timweichselbaum,565
ultimatebuckeye,565
gkdenz00,565
keenorp,565
salihkaplanofficiall,564
agendafreetv,564
n0way,564
muratbeyz_yt,564
walkerparanormal,563
bylexonn,563
roblox_music,563
danverse,563
queenstefane,562
denomic,562
arkhers,561
atomjason,561
vaneo,561
emrecubukcu,561
kivanckarci,561
muddymaybear,561
cihanmayda-amadeus,561
shaun.nyland,561
skylextr,561
djkanki09,560
imjilettt,560
penzilla,560
sushikushi,560
kandycane,560
chnbzkrt,560
dahboo777,560
kamkraft_gaming,560
melaanus,559
kyrony,559
goodpurpl,559
1savage,559
suaterisen,559
nxyt,558
yabanciturk,558
face.it.fearless,558
fairyabove,558
anime.rightist,558
chitus7,558
aninhatuga,557
blackliquid,557
thelostdrake,557
raptoradventures,557
slippinlizard,557
sofija5,557
slimreaper,557
hacialiyev19,557
kwonze,557
larissa0,557
michellei,556
mustafaozbakann,556
ctg,556
devgamer,556
thedougshow,555
receploloynuyorr,555
dulliz,555
turkuazde,555
bozkurtt06,554
kaziw,554
ancreport,554
ronnielive,554
eikio,553
mrbean,553
kvasselkvasier,553
pewdiepie_8260,553
cole710,553
izgreeny,553
itsbrian,552
bumblebreeeski,552
ahmet.usta,551
softego,551
d3adp0ol,551
fizskip,551
rachelle_is_awake,551
onuryoldas,551
serdarsgrl,550
leea,550
karigane,550
leadervl,550
zeukronos,550
han10,550
hinata_sam-a,549
mr.shifty,549
soulston3d,549
stickyickytv,549
backunder,549
edidok,549
nightlights,549
khalannz-official,548
redspartan,548
snndmr,548
admiralsgaming,548
truwrecks,548
leviplays,547
harl0ck,547
creepyboy_br,547
royaltyoverlays,547
klaatu,547
lagby,546
1-nemesis_kraken,546
ozandroid,546
ricoverse,546
trollita,546
portee,546
yucetanrica,546
berkayselvi,546
aitros,545
chiefarmabull13,545
plaguezero,545
hellboy59,545
kamangn,545
06kartal_man,545
original-og,545
lil_riceballs,544
kedigiller,544
hearthxg,544
tiigerclaws,544
ghost_terror,543
jmlozach,543
thezixis,543
theunderdog,543
bay_ersin,542
orladon,542
osman02,542
andyvg,542
smeagol,542
jx10,541
gedef,541
hippysoul,541
konzyy,541
bathrobe-claire,541
bighairtsunami,541
two-knocks,541
uninvitedd,541
manucraft,541
tafhardy,541
sielc,541
imena-sleepy,541
erturkgorkem,540
nexusii,540
iriot,540
freak.ing,540
jhemx,540
nightcore3,539
blue-tulips,539
seroyayinda,539
piontela,539
blackboy3k,538
direwolf,538
dialogictv,538
mers,538
metronix,538
mustafashnky,538
warmostv,538
redhitman,537
creativebuilds,537
cheetah.tv,536
swencholl0,536
beitraa,536
venusecrestarr,536
veritasvalhol,536
mr.dlive,536
adoxe,535
barlowgreen,535
bugii,535
re-alburak,535
ozansencan,535
reallife,535
fayzinho,535
anka_leydi,534
thecognificent,534
sevith,534
andrelynce,534
catman29,533
trghostwolf,533
wiggie,533
zaushype,533
frizzeyes,533
texasnewsstudio,533
spoi1t,533
mertinizim,533
mistralx,532
pewdiepienation,532
pomegranatine,532
xinheeltv,532
guruaf,532
fuleng,531
bassrebels,531
bussiey,530
click3rs,530
eastromtv,530
ovedes,530
bathie,530
vud,530
reym,529
babaoyun,529
mr_eddatog,529
ozitivi,529
hakan-cengel,528
nunofurtado,528
boykatheronin,528
tquaf,528
archgmz,528
breaslan,528
vanold,528
apsolite,527
dangerrr,527
majojo,527
rozunbul,527
kelben,527
hypershaggy,527
kabuspubgg,527
fat1hkartal,526
liqhtyears,526
ali_kara,526
atosh,526
raymond46,526
kssinsar,526
therealrj,526
bendis_rolplay,525
fusqar,525
adamcy_ok,525
fishheadman,525
edizyellow,525
naturaltv,525
floatingstation,525
latinafterdeath,525
thehanabanana,524
saplaaaaa,524
jwhisp,524
alicetryx,524
onthebooze.party,524
aboby24,523
rtcl,523
andrew.nef,523
notproshyper,523
gamerslabyt,523
padplays_j,522
emichaeljones,522
pastorjason,522
golmakinesi_tv,522
tinyxkayla,522
phaldor,522
cikorella,521
dumanwip,521
gercekem1kko,520
holigan5399,520
emircankrksz,519
jinkirin,519
xeronitewp,519
tapl,519
earthwatcher,519
outfallen,519
serkow,518
teknopro,518
hollanation,518
wolf_brothers,518
gamerlandx,518
eneskaragulle,517
ntrigued,517
popofluke,517
lodry,517
ripple_bear,517
vvtrexx,516
netgames,516
temachii,516
iamrobhazen,516
apparentlystupid,516
ecofq,516
johnvgaming,516
kozmikkarinca,516
dream,515
ibrahimsakib,515
madeofpanda,515
amburjer,515
damc1,515
wooksz,515
serhatkarahan,515
starfps,515
canerkamay,514
phillipb,514
carpediemgaming,514
elwis0,514
findbird10,514
gwillim,514
unicorn_milk911,514
michellerella,513
balzexz,513
cen1xx,513
abdallahsmash,513
jenav,513
elyoners,512
jamhouse,512
jdougg,512
oguzcankoca,512
sugarsscents,512
em0tv,512
amacsiz,512
andreasltd,512
umadizm,512
zula.tv1,511
abdue,511
surewinny,511
cherry_xd,511
bpetike82,510
inscane,510
babaoynda,510
masterblasterg,510
elwindherseyim0,510
atomabi,510
furkanaktasyt,510
mrjd,510
eizonbeatz,509
freebrockolee,509
givemeanamex,509
hollywhisper,509
fccgaming,509
worthowski,509
drags,508
inksanity,508
soldierxxsniper,508
luigigabasytb,507
mesutyurt,507
oyunlog,507
hekats,507
cs_callous,507
efearas,507
xxneimarjrxx,507
scalphunter,506
m1r1sh1,506
dliveisresponsible,506
jaimeking,506
ashalp,506
closet420,506
univarseman,506
zombiefactory,506
w4rl0ck,505
ozkangur,505
radialgabster,505
sapiens,505
tab2d,505
timurs,504
wannamina,504
ratheraverage,504
silastv,504
comstock,504
jelbean,504
honk_honk,504
og_dealjb,504
princess_naru,504
ashilezeus,503
ahmetgunduz3455,503
chimneycakes,503
marcaotv,503
jimslegend,502
mr.m3hm3t,502
iyiliktozuu,502
cantivi,502
scribblesz,502
uprightthumbs,502
bjknirvana,501
sreys,501
xiaonn,501
legendlegi0n,501
erayaksoy,500
tinker77,500
holy_samanth,500
ozero,500
90s,499
otawerks,499
yukohoi,499
telefontube,499
tofigart,499
cryptosharings,499
jioxsemih,499
heartlandnewsfeed,498
rubicon,498
nekrage,498
raposinha,498
soafterclap,498
tarslantv,498
lurk24,498
bent.pp,497
noob2pc,497
averyisscared,497
hanntv,497
quackersgaming,497
gokean,497
ardaydn0,497
westmyth,496
therealdaveycrocko,496
ug_reach,496
iveryserious,496
rodcombarro,496
rahasyatv,496
visitlee,495
semiranes,495
phlo,495
suesue753,495
lithottamera,495
herteldenplay,494
argosnake,494
ucankubra,494
3kafalit,494
yavuz.a,494
ballzygaming,494
schmecklestein,494
catita_estrela,494
shadow-fox,494
mertozenn,493
stu,493
beratberis,493
cerus,493
terbiyesizsolucann,493
gaddartilki,492
erenlyn,492
garbage,492
firatakyuz,491
locarey,491
rtfrance,491
seroogame,491
acesly,491
sonnnenkind-licht,491
blazesavagegaming,491
adem,491
tortugalife,491
gunragnar,490
aytim,490
flogel,490
uh-utkununenisi-uh,489
flockys,489
wxsemusic,489
sadikahmet,489
mortuary.lb,488
aliemrextv,488
tommyfn,488
extremert,488
miskinkediii,487
ozguryiilmaz,487
iescrox,487
sigmathamajestic,487
unlostv,487
unitedworldgroup,486
depressednineyearold,486
nickclark,486
sweezycaner,486
ilikoiscoming,485
falconlive,485
enzokiiier,485
7wmir,485
petashvili,485
syeazly,485
sobadillo,485
aquagod,484
perkocuk,484
fun4kemal,484
lordantares,484
thegandalfshow,484
mbichu,484
hellman0538,484
doghem,483
soulurea,483
burak5443,483
anubhavshukla,482
blackmannn,482
tulpar0,482
darkflower84,482
firemancv,482
gkyela,482
shilohrose,482
kodyplaygames,482
podawful,481
morgkorg,481
simpsonss,481
stroows,481
dafreshnetwork,481
ferhattaner63,481
sessizbey,481
korvettetyp130,481
sqdqsdqs,481
zmarjinalhatun,480
acg-gaming,480
yarkinyet,480
rolexgg,480
jawn,480
dubbleutee,479
nyxhe,479
ruzgarsbey,479
mitchrayta,479
kaostial,479
9yearoldarmy,479
torin,479
paulbryantv,479
reggie5150,478
pluss,478
greatawakening,478
blackshade,478
yaaaamur,478
yavuzenes311,478
takethekrown,477
dragonwings47,476
wuggly,476
megatr-burak,476
dilarakaba,476
enesbalabn,476
elizabeth1975n13,475
fielderschoice,475
animetrom,475
slejendary,475
sumone,475
7.bels,475
thenightche,475
whopes,474
xenonfire,474
rtheterrible,474
murova,473
dufo,473
kylees,473
volkzenn,473
warlock74,473
manly_xp,473
therealist,473
ahmetunguryt,472
derinbulut,472
milehighclub,472
musni1453q,472
synerqix,472
kaangazi,471
muroooox,471
rodeotv,471
hellfiree,471
foxglove,471
uykucuykucu,470
pyronotic,470
gamevestment,470
brgc,470
didgeridoo3,470
real_banana,470
orusbu123,470
blizard,469
denizkakalic,469
deta,469
rangelantunes,469
rylesky88,469
kralmirac,468
berkcanguven1,468
syflexvl,468
emrealtuntas5,467
ayarlitv,467
bbeyzakkilic,467
darkmanx_tvlivewire,467
dewbozkus,467
masterbrandao,467
pshowtv,467
ghostxludiotic,467
suelox,467
skobi,467
moolala,467
lucek,466
blitzynation,466
favelaxgamer,466
tmgkerem,466
furkanyofficial,466
keeplightingthepath,466
montajsizv,466
psylosopher,466
saintvaletin,466
suff_gaming,465
thekeremkk,465
ceeday,465
deadpool1985gaming,465
sireagle,465
statik88_au,465
ragwell,465
puffintuff,465
waldhexe,465
igf,465
wolven_znz,465
gaga2004,464
huseyindagli,464
lxrdle,464
benanytim3,464
odanebe,464
lgoldberg,464
thegamerzhaven,463
sohbetgmuhabbetg,463
kobia,463
jojan,463
shabisky,463
spiritridertv,463
cr1tshot,463
blekoh,463
bellabee,462
the_murdershow,462
besermenes,462
miracacar,462
arcangel,462
pippadixon,462
pookiesaurusrexx,462
masterachiever,462
kintoshi,461
michaelfitzzy,461
cavemantv,461
edwoordd,461
efecalisir,461
harper-gaming,461
kafejniica,461
thesenp,461
alcenuu,461
sanslii,461
theravenousdrifter,461
slappymsa,461
theoneturkk,460
dreamau,460
lace_and_thorns,460
thegreatorder,459
bitcoinbuddy,459
glamjus,459
tbased,459
hasancandenizz,459
janticem,459
efecan72ok,459
omerfarukcaliskan,459
n1fishingyt,459
cetkan,459
craudeux,459
flekhq,459
berse920,458
billybonsai,458
gokhantekin008,458
ivanontech,457
warp_radio,457
rokyt,456
obobito,456
funteja,456
ipek-ddcnn,456
kluna00,456
eroglu,455
dlivezabitaamiri,455
biggieslonk,455
andyshark13,455
drawing,455
naxmm,455
nzah,455
serdarsenpai,455
scasper,454
superrob402,454
torig,454
atlokal_gaming,454
waffleuncle,454
fatihdgn,454
harun_enes,454
jovanni,454
itskittycatt,454
tappelino,454
nomaklive,453
anime,453
baltatv,453
mickyraiden,452
prowacks,452
scuffedjack,452
gabrielstormofficial,452
itsdessy,452
ultra_64,452
rose_uk_fam,452
47thdestroyer,452
godsp33d,452
dark-storm,451
kiko,451
karakulebey,451
balls,451
thewhateverstudios,451
montanafreetv,451
raeamoe,451
dawidjasper,451
ladylisa,450
tekinl,450
dr3amwolf,450
hollycoco,450
burain,450
missgeekalicious,450
recklessjgames,450
rrgaming,450
selma3534,450
jrayco,449
px.ryu,449
xaygisizvlr,449
yeniioyuncu,449
koalala23,449
apodiformes,448
isyex,448
distractionchicken,448
z4liminoglu,448
gradationdj,448
trovous,448
cobracaner,448
jet-lag,448
tamerbaha,448
theeternalbard,448
bolten,448
xinoz,447
vvv_nerdprblms,447
revolts,447
richlifeofroadtrips,447
aresthebold ,447
ivy_berezutski,447
karinp,447
mr.sigfrid,447
llama77,447
danscott,446
oldmangaming,446
70c4rbon,446
blobberbob,446
can442,446
gngvexon,446
gulsenvurall,445
jimmywho,445
rompuzroom,445
fallenangel1,445
xxtappanxx,444
jammer1,444
deadwalker,444
welshmanmitch,444
igroka,444
picklesgaming,444
poppyton,444
nuancebro,444
gencer_45,443
ekotv,443
c0urtney,443
ranmaru,443
matildaeliz,443
minimumgrunt,443
bozok-1,443
supherbyus,443
ohayuh,442
drzayas,442
frostiii,442
goydgaming,442
se_to,442
holychama,442
bhfior,442
zulafenomen,441
dracinon,441
fraynetv,441
graceloganvlogs,441
lt.kissme,441
archross,441
spooky-boogy,441
ryanx,441
cassandman,440
ggummyzx,440
thantius,440
thefearful,440
y3str,440
amytazenda,440
dakumauler,440
notfun2playwith,440
lonebey,439
truenorth,439
rapperoyundaa,439
emretr01,439
faruk_cetin,439
mxk_34,439
kexiraaa,439
craft.and.conjure,439
atlascrypto,439
dknightx91,439
zone2game,438
rainpipe,438
