Channel,Subs
Eshgh Harf Halish Nemishe عشق �…,150K
السيد كمال الحيدري,139K
Khanaga,135K
العتبة الرضوية الم…,122K
سازمان مجاهدین خلق…,102K
ali javid,68.4K
Ya Ali,68.1K
Persian_boy,67.6K
Sajjad Fazli,66.7K
Islamic Pulse,50.7K
Reza Pahlavi,50.6K
Kamik Deep House,47.5K
imamreza Tv,44.8K
Persian Kids,44.6K
ISLAMIC SIGNAL,40.5K
The Dance Centre,35.2K
خبرگزاری تسنیم | Tasn…,33K
أنيس الليل Anees Alleil,31.4K
syaep,29.4K
Arshia KaRiKaToR,29.3K
Tv Riazi,28.8K
Mohsen Chavoshi,28.6K
Saeed Toosi / سعيد طوسي,28.6K
خوانندگان برتر عرب,28.5K
Iran Program Presstv,28K
اللهم العن الجبت و�…,26.8K
hektopascal1013,25.1K
خرافاتکده,24K
mozaffar shariaty,23.5K
Reza Deljavan,22.5K
zirak93,19.2K
KPOP Farsi,18.4K
Maryam Rajavi,18.2K
IranClips,16.9K
Sahar karami,16.3K
persianmusic,15.4K
Kaveh Mad,15.3K
hamid ghahramani,15.1K
حرف آخر,15K
مجموعه ستارگان درخ…,14.8K
خبرگزاری صدا و سیما,14.5K
TheHolyHousehold,14.1K
aSeMaNeAbI77,14K
Zand.Lotfalikhan تاریخ ایر…,13.7K
Ali Javid,13.4K
iLLusioN LITY,13.3K
???????,13.1K
KavehAhangarIrani,12.8K
Pashto Story,12.6K
Soltan,12.5K
molazehi,12.2K
TheSorrowLand,12.2K
jonbesherahesabz,12K
سید کمال حیدری,11.6K
cargeek,11.4K
MOFX TV,11K
An0nYm0u5r3v0lut10n,10.9K
ali mohammadian,10.8K
Dr.Hamidreza Hashemi Moghadam,10.7K
hambastegimeli,10.5K
ایران کلیپ,10.2K
دانـيــال الــبـا�…,10.2K
MMSisters투피엠,10K
Alireza amooei,9.82K
Ebi,9.81K
Nima Farzin,9.55K
old apk,9.53K
الفلاحیّة میدیا,9.49K
TISHKTV,9.48K
Aysu Elyar,9.48K
Avesta Kiyan,9.28K
Poul,9.23K
این خودتان را انجا�…,8.98K
Kermanshah Clip Sayran,8.96K
imandaneshrad,8.89K
Ezel Farsi - سریال ایزل,8.86K
Iran88Arya,8.82K
Mix TV,8.73K
Canal abandonado,8.67K
ALPHA - WHISKEY,8.55K
beauty & makeup,8.55K
AramDaniel1,8.47K
Ahle Khane,8.45K
YGTV,8.45K
Sasmita Biswal,8.37K
Muzikturki,8.23K
المخرج سيد احمد ال�…,8.21K
FardaRoshanAst,8.04K
ALI ARABI,8.04K
ShirzadeganTV,8.01K
غلامرضا مهدوی,7.99K
منتظر حسين,7.95K
PERSIAN GULF,7.93K
داستانهای مثنوی ما…,7.84K
Dash Ali,7.82K
Hooman- Blue bear,7.7K
IMA Media • ایما مدیا,7.61K
asa rasane,7.53K
Ala Hafizi,7.28K
XYZ YT,7.18K
FARS UFC NEWS,7.11K
bachehaye ghalam,6.91K
Sazman Javanan Komonist TV,6.68K
Paliz Ensemble,6.54K
morteza naderi,6.49K
ThePersianGulf,6.34K
MrMojijun,6.3K
قناة الكوثر الفضائ…,6.12K
cat,6.12K
Turkish Urmia,6.04K
ehsan1361,6.02K
شبکه رسانه ای صف arts…,6K
JahanChannel,5.98K
Mim Rasouli,5.97K
attractivedogs,5.91K
Daleel Iran حجز فنادق مش…,5.69K
کارین,5.66K
Hamidreza Hosnani,5.63K
Babak Zanjani,5.62K
سنگ شناس,5.61K
خندوانه,5.54K
Thezkguy,5.49K
Iran Film2,5.48K
Saeid Ghasemi,5.34K
Bts Artj,5.34K
shadi,5.32K
Avalin Montakhab,5.31K
Zzzekr Media Channel,5.19K
Soureh Film / باشگاه فيل�…,5.11K
2009IranRevolution,5.06K
nabzema,5K
Shiva Online,4.98K
قناة المجتبى عليه �…,4.95K
tizland,4.92K
Heshmat Tabarzadi,4.92K
Bahman Raoufi,4.91K
Saied Sanandeji,4.9K
رادیو باز Radio Baz,4.9K
Vidoal,4.85K
smdezfouli,4.78K
MaTin kEnzi,4.73K
faridSfanji,4.57K
از الحاد به اسلام,4.5K
دعانویس یهودی  ?در? …,4.49K
HSH,4.46K
TSIXTY Skateboarding,4.45K
Kia N.V.B,4.41K
شبکه جهانی هدهد,4.4K
Farsi Lyric Video,4.36K
nazroid,4.36K
Ali Rezaei,4.34K
R AZAD,4.32K
Persian History,4.23K
Bardia Tajbakhsh,4.23K
PashaStarr,4.22K
Milish,4.21K
Bollywood iha,4.2K
امير فراهانی,4.01K
younes eybjou,3.86K
From Coma,3.85K
MaskTV ماسک تی وی,3.83K
Shiwa,3.83K
IR Iran,3.8K
Composition school مدرسه‌ی…,3.74K
أنا مثقف الأهواز,3.73K
LELB Society,3.71K
PersianNTD,3.61K
Amin Abdoly,3.56K
Mardomak News,3.54K
ویدیو بلاگ جنبش سب�…,3.52K
Just Handmade Leather crafts JHLCG,3.51K
یک پرسش پنجاه نگاه,3.48K
CarTour,3.47K
Mark Slavinsky,3.43K
sama academy,3.41K
Kamik House Music,3.4K
Oriental Star,3.39K
FikusVanDerPerve,3.33K
e- Hamamooz,3.32K
Abbas Goli Jirandeh,3.3K
arsa81,3.26K
Mrav Music,3.26K
حرفه ای و متفاوت بی…,3.25K
Ramin,3.22K
Mishka,3.2K
msoltan,3.19K
هواداران شبکه جهان…,3.19K
بابک جاوردی babak javerdi,3.18K
دعانویس یهودی نتیج…,3.15K
Mehrad music,3.12K
AlirezaYaBoy,3.11K
pars guitar,3.11K
Shar_fun شرفان,3.08K
azarbijani aydin,3.07K
مصطفی ملکیان Mostafa Ma…,3.07K
mohammad jahangir,3.03K
Persian Music,3.02K
انجمن حامیان مایکل…,3.02K
IPA: Iranian Philosophers Associat…,3K
Dr. Nasrin Rasta,2.98K
Sarok Mehdi,2.95K
Rapi Media,2.94K
Saqlain Foundation Official,2.94K
بازی با من - اسباب ب…,2.93K
Saman Karimishad,2.93K
اهلبیت علیهم السلا…,2.92K
احمد عبدالرحیمی,2.91K
Ahvaz Sekai,2.89K
دانيال العراقي,2.88K
Mytehsong  | دانلود آهنگ…,2.87K
Medal Sports,2.82K
Advanced MRI,2.79K
Iran Military Videos,2.77K
Vahid ProudAtheist,2.77K
Eksirkhande,2.76K
Keshe Foundation Persian,2.74K
PouyaVids,2.72K
iman6441,2.71K
Top 10 Telugu,2.7K
مرکز جامع #گفتار_در…,2.7K
جمشید بلوچ,2.67K
Alalam Signal,2.65K
Pasha Azad,2.65K
Farkiantech,2.63K
User 1,2.6K
Expert Electrical Ireland,2.6K
Imam Reza Fr,2.58K
رژیم غذایی برنافیت,2.57K
khanvadeh,2.55K
wutdaflek,2.51K
Samen Ferforge,2.51K
GREENPOWER0,2.5K
Honar Had Nadare,2.5K
q0MAL9zOUoHkN6uJKbTYag,2.49K
آکادمی آموزش گیتار…,2.48K
Hogr hawlery,2.48K
Pezhman Noor,2.46K
Mehdi MokhtarZadeh,2.46K
Dr Shirin Heshmat,2.46K
موسسه رسانه‌ای وا�…,2.46K
Miraç TV,2.44K
Pendar Akbari,2.44K
TISHKTVNEWS,2.43K
Mahoor Media,2.43K
آموزش بیلیارد اسنو…,2.43K
Oxytocin Clinic,2.43K
بولور BOOLOOR,2.43K
ganjipakhshcom,2.42K
MihanLearn.net,2.41K
Memar98,2.41K
The Devil Entertainments,2.41K
Iran Port,2.4K
آرش 88,2.4K
WatchMojo Persian فارسی,2.4K
azartalash,2.39K
MESI ■ RK,2.39K
maeve edits,2.39K
Dr Talebian دکتر طالبیان,2.39K
Surjo Entertainment,2.36K
Esmail Fathi,2.35K
Reset Earth,2.3K
Bambbo-ir,2.29K
آکادمی آی تی - Academy IT,2.28K
Pedram Fayazi,2.28K
محمد حسین پاک طینت,2.28K
persian mobile,2.26K
Tamasha,2.24K
Zeinab Ghasemi,2.23K
Bella,2.22K
Dr. Shahriyar Yahyavi,2.17K
TheBelovedvampire,2.16K
Mardeshik,2.16K
Hassan Mousavi,2.09K
MUSIC NOVA,2.08K
Sokhanrani ha,2.08K
مداحی های حاج مهدی …,2.04K
Agah Group,2.04K
ahangsazman,2.01K
delta_mag,2.01K
Vahid Najafi,1.99K
Adrian O'Donnell,1.98K
Lady Gaga IRAN,1.98K
mihdd,1.97K
Rahai Azadi,1.97K
M E H R E S T A N 2 8,1.97K
تعمیرات لوازم خانگ…,1.96K
Kxrrxr,1.94K
filmedublefarsi فیلم دوبل�…,1.94K
ایرانم همه جانم ای�…,1.93K
گروه آموزشی اپوکسی…,1.92K
ISTIQLAL TV,1.91K
قناه منتظر البيضان…,1.91K
من علم هستم  - بابای…,1.91K
irancaraudio,1.9K
تن ورز,1.9K
EvOSounD,1.89K
PressTVvideos,1.88K
Harfeakhar | حرف آخر,1.87K
Yasin Jalali,1.85K
alireza ghezi,1.83K
PhysioAramesh,1.83K
Kcut,1.82K
تحت الضوء,1.81K
reza fc,1.81K
آهنگساز برتر,1.8K
Hamid Vojdanpak,1.78K
Majed Sarin,1.78K
Hoda,1.77K
3devim,1.76K
مجتمع فنی دارالفنو…,1.76K
simoncat. ir,1.76K
TechMag - مجله تکنولوژی,1.75K
Saman,1.74K
Happy Life,1.74K
Dr.Ravazadeh,1.74K
3DPE,1.73K
Ehsan Yousefi,1.73K
Русская Служба Ира…,1.72K
bodyfull ir,1.72K
jawidiran1976,1.71K
Farshid Meidani,1.71K
mojtaba fakhraeian,1.71K
Dr.Hadi Issa Dalloul,1.7K
Mia Khalifa In Spanish,1.69K
FIBO GROUP Farsi,1.69K
وحید جابر,1.68K
تاریخ آنلاین,1.68K
BourseTube,1.66K
Oghlan Bakhshi,1.66K
mani.rahmanii mani.rahmanii,1.66K
tabrikadeh,1.64K
Hasan K. Rezakhani,1.64K
NLPlife,1.64K
S.veeramani Akshaya,1.62K
محمد رسول رخشانی,1.62K
Nazanin Pedarsani,1.62K
دارو بزرگ کننده طو�…,1.61K
shadtarin,1.61K
DGminer,1.6K
mohamadali javaherian,1.6K
Mina - k,1.6K
pouyaandish,1.6K
IraniAzaad,1.58K
Iran Media,1.58K
AvaNameh Audiobook,1.56K
Seyed Majid khorashadizadeh,1.56K
Eisa Ghamari [eisooow],1.54K
Dayerezangi,1.53K
Digiato,1.52K
PersianRock&MetalFestival,1.52K
iran,1.51K
ArmenianNetwork,1.51K
The Farsi Pod,1.51K
barforoshe.tohid2,1.51K
khodbidari,1.51K
TSTLP2,1.5K
Ahmad Tousan,1.5K
omd sky,1.49K
محمدعلی,1.49K
Islam Véridique,1.49K
Be unique,1.48K
Tadbirhome,1.48K
Iran with Arka,1.48K
ebi fisher,1.47K
ziba andishi,1.47K
موسسه آخرالزمان- ی�…,1.47K
Roya Afshar,1.46K
Turbo think,1.46K
7Learn,1.45K
Basileios III,1.44K
Yahya Alavi یحیی علوی,1.42K
president_iran,1.42K
Ala Hojabr,1.41K
ubaid773,1.41K
دکتر علی گودرزی,1.41K
DAWN,1.4K
گروه آموزشی آوات,1.4K
Masoud.azimifar,1.4K
VeLmO,1.4K
Free Persia,1.39K
شبکه تلویزیونی دکت…,1.39K
3D Forex,1.38K
Islamic Speech,1.38K
وبسایت گسترش کارآف…,1.38K
drivingzojehamkar,1.37K
علاج العيون في اير�…,1.37K
Fuad Xelilov,1.37K
Marjanz Planet,1.37K
Nilootorabande,1.36K
السيد مهدي العدنان…,1.36K
شهید شیخ محمد صالح …,1.36K
Hossein Seven,1.35K
dr. ata heidari,1.35K
Dr.NazaninSafaei,1.35K
سلمی' غفوری,1.35K
Bahrain FreeBahrain,1.34K
MasterOfPersia M.O.P,1.34K
Aes.finance,1.33K
azar mahisefat,1.33K
Mohammad Abedi,1.33K
noaccess,1.32K
Hesam Naseri,1.32K
mina sadeghloo,1.32K
Free Knowledge Foundation,1.32K
DrSaeede Asadi,1.31K
NatalyJisub,1.29K
Azari Dance Tube,1.29K
TeleTv تله تی وی,1.28K
Majnonalhosein,1.28K
Dr Farzan Rezaei,1.28K
مهستان Mehestan,1.28K
Padra Learning,1.28K
pixelamooz,1.27K
Ali Rezvanfar,1.27K
بازیگران زن,1.26K
Hadi nik,1.26K
farid elhami,1.26K
دارالترجمه داریان,1.26K
صفحه رسمی استاد حس�…,1.26K
دكتور حسين حامدي,1.25K
Elmira Nekou,1.25K
asmr_mukbang,1.24K
drelahe sanagoo,1.23K
mohammadnj,1.22K
دانش آيورودا,1.22K
سایت هدف آموزش - آم�…,1.22K
NormalNames,1.21K
PMOIRocks,1.21K
Anzali Press,1.21K
ashpazbashy,1.21K
Ghasem eshaghi,1.21K
HyperboreanKnight,1.2K
Samtekhoda3,1.2K
Reza Noferesti,1.2K
Shokaran TV,1.2K
MihanFood,1.19K
سرزمین رویایی || sarza…,1.18K
GilakMedia گیلک‌مدیا,1.18K
بیلگین زارعی زکلیک…,1.18K
benitrx,1.15K
سوپر ترین - Super tarin,1.15K
WANA,1.14K
khorsha خورشا,1.14K
Morteza Dorodian,1.13K
گروه طراحی و معمار�…,1.13K
Zakir Sayed Shujaat Fakhri,1.13K
patriotic cyber,1.13K
Dan James,1.11K
نوآوران گرمی همیار…,1.11K
مرکز مشاوره و روان�…,1.11K
Darsvareh I درسواره,1.11K
Ali Rahmani,1.1K
حجر صناعی هونام | HUN…,1.1K
cdana,1.09K
Keshavarzionline,1.09K
nikru News,1.09K
mardoomgia,1.08K
علی دالوند,1.08K
Teacher Training with me,1.08K
hrzino,1.08K
YGTV - Persian Gaming Channel,1.07K
NewMarketMakers,1.07K
MohammadReza Sharifi,1.07K
Siavash Farrokhnejad,1.07K
#shokooh_bakhtiari,1.06K
xerxes347,1.06K
6rangIran,1.05K
dokiphone,1.05K
Emely Estephany Kim,1.05K
Kimiya M.,1.05K
Kakero,1.04K
The Fact Series,1.04K
khanjany soti books,1.04K
Iran Content,1.04K
masi baf,1.04K
پادکست جنون,1.03K
Psycho,1.03K
رونیکس Ronix,1.03K
Sasy Mankan,1.02K
Danyal Aram,1.02K
Creativity channel,1.02K
Son of Cyrus the Great,1.01K
NOKO Channel,1.01K
آموزک فرادرس,1.01K
shickpooshan,1.01K
goldrecoveryir,1.01K
Zehne Bidar,1.01K
Rasoul Rezaei,1.01K
Atil,1K
khodyabi,1K
رقص افغانی و ایران�…,1K
Vahid Sajjadi,1K
HrMasahi,996
???? ?????????,994
Ravanvajahan,992
Playmates Kindergarten,987
DanalYek,985
iranianclub,981
vapediaco,976
فسوس,973
Tayko PUBG,972
Salome Mc,969
آموزش چرم دوزی به ر…,967
barzakh,959
MojahedinPMOI,954
زندگی آنلاین,953
hamshahri TV,952
mahud,951
Ali Jorjani,950
harmooony,947
Dr Mirsadeghi Urologist دکتر �…,947
acc niaz,947
Santoor Center,947
IRAN Military Power,946
AK Pro,943
PrinCeSsProShaT,941
Ramyarleok,940
امپراتوری دروغ,939
محمد حسین عباسی,937
Hamgam Sanat Co LTD.,932
Mohammad Ali Hosseinzadeh,931
Shahyar Kabiri,929
zulfiqih azhar,928
Geniuser Genius,926
Facundo_claro,923
its AhMed .,919
Tehran Times,916
Yuty; Feathered Tyrant,914
Peyman Javanmard,914
Somi Clip,914
Number1,912
Maryam Kashanaki,910
lemon clinic,907
دکتر مسعود داودیان…,905
مهرشاد ابوحمزه,898
Peyman Majidi Moein,895
VGMAG,894
samad valizadeh,893
Romy LGBT,893
IRANOUS Perfume,891
Raha Electronic,890
Salman Salek,888
فلزیاب روژ,886
Saeid Yousefi,886
پخش طلا عامری,882
skeazofren yep,880
irangerdoo ایران گردو,880
amir pixeleton,879
Moltafet Therapy,875
Kingphoenix,873
رادار مداربسته,873
DJ Hossein,873
♠︎ مستند ♠︎,872
mahdi roohi,871
Cinema Market,867
Bamdad Afshar,865
داستان شب,865
Sepehr Km,863
KASET كاست,851
XFOREXGROUP,849
maryam hospital,847
سپاهان همراه,846
Ahmed Laith,845
Gohare Parsian,844
سالن زیبایی در پرد�…,842
Tebberavan Clinic,835
مَلك قَفائيل,834
Mousavi1388,833
AsanYadBegir,829
حالات واتس ALKING ABDO,829
Moez Shakeri,826
عطارخونه,825
Ehsan,824
Alobizness | الوبیزنس,821
starh1389,820
Beyond Love,820
محسن هادیان,820
ZerODesignes0,808
sazforoosh,807
Over Max,798
JamshidiComputer,798
Adlan Paya,797
Dr Saeid Kheradmandy,795
ICEMOD,795
Judo Waza,794
Berahman Dr.Sabzevari,791
TKAR,789
iman king,789
امین ابویی معروف ب�…,784
دکتر لیلا خلیلی,783
Goštâsp Persia,779
nikaan 34,778
Ali Khatibzadeh,778
IGREC,776
Im So,775
Donya Music Group,774
irlogcat,774
آموزش مجازی زبان ا�…,773
mixvids,770
مهرداد نامدار،روا�…,767
Vahid Pourhonar,766
hashure mostanad,764
Golestan Ali,763
DrGamer,763
فالح المسعودي??,761
کانال کارتون لند,760
Eargasm,754
daroo100,754
English with Me,751
Soroush Bahrami,750
سجاد سلیمانی Sajad sole…,749
shayea,749
Mohammad Rasafian,747
Reza Dabir,745
A.J Method,744
جوجیتسو برزیلی  - bra…,741
BBTV India,741
آموزش شیمی کنکور - �…,741
هنرکده یکتا,740
Reza Hojat Zadeh,739
Dr. Afshin Taheriazam - دکتر �…,734
devilrise_,732
khandebazar3,730
SHAMLOU_KADEH,727
Jalal Dorostkar,725
Alirezaa Jafarzadeh,718
IranServer,713
reza christ,712
EpicMvz,710
TVshora1349,709
Ravi Status,706
Chaartaar,704
━ Yusuf•Kunz ?۫᭝!,703
سفیرفیلم,700
javid moghaddam,699
turkishparisa,699
Duces,696
تلویزیون راه کارگر…,694
Saqlain Hawzavi Duroos,693
Spiritual news,692
Vispar,691
Saadi Foundation بنیاد سعد…,688
دکتر محمد حسین نجفی,688
brandtablo تابلوسازی بر…,687
irhesabdaran,686
Duzakh,684
mabaketab,683
SON OF PERSIA,682
Fares News 24,681
YasinMedia,681
sillas09,680
par val,680
Eagle Vision,676
laser rotec,676
peyman shahbazi,676
ghalebgir,675
m j,670
rousta tv,666
Novin Sanat,664
ASEMAN ROBOTIC,663
bradere2keva,661
Green Energy Cycle,658
Abzarmart ابزارمارت,657
AriaTarjoman,656
Tehran Bours,655
samirakarimi_makeup,651
آرمان اقتصادی,648
Courseiran,648
Sadjad Jahangiri,648
مصطفى أو اسكو,644
Ali-has-soldiers,642
rajaby_law_firm,642
Tesla Kala,641
ali b,639
PlayPod,639
Έξυπνη Ποιοτική Ζω…,639
saber aghamohammadi,638
Wizart ویزآرت,638
نادیا روشندل,635
Fatemeh Akrami,632
mehrdad mohammadreza,630
cs127::music,630
lilix__reporter,629
Pak Andishan,626
Flora Siami,625
Persian Caraudio17,623
Omid TV,619
LIONLIING,616
Abbas Jandaghi,609
studio simaye karaj,608
thismightbewrong,604
Moslimiran,603
Pazirik,602
30book,600
Aieerick D,599
SHANTI REV,599
iWickeT,598
Alireza Taekwondo,597
Benyamin Emran,596
سید‌مهدی طباطبایی…,595
Tina Music,592
araieshgah,591
حرکتیسم,588
Aramiscar Co.,585
انجمن شاهنامه خوان…,585
Mehrak,581
مدرسه کسب و کار آیا…,580
milad yazdanpoor,578
Mohsen Shaban,576
saeed alizadeh,575
اپلیکیشن و فروشگاه…,575
شیخ مجید کاشمری,573
statisticssoftware,567
poshtybanman,560
فلزیاب ثمین,559
آکادمی فیزیک پزشکی…,559
گروه نرم افزاری هی�…,559
Pouya Hosseinzadeh,558
Popona پوپونا,556
Iran Oxford,556
darsoo,556
خانه فرهنگ صدوقی Sad…,555
learninweb,555
قناة الشيخ محمد ال�…,554
mohamad Baghaei,553
TINA MUSIC,553
Hamid Reza Norouzi,552
Iranian  Challenge,550
Shia Voice,550
IR Shia,549
Aria Mohtadi Haghighi,549
zoom studio lakhisarai,549
Morteza Ahmadi,548
azhir1979,545
آذر سهراب بیگ,545
Amir Bitrex,544
[رسام الکترونیک] rasa…,544
FOTO MARKET,542
Shahram Naseri,541
Hasan Mahdavi,539
Eveart,539
Cartoon Network Iran,537
Harmony DL,534
yamanivideo,533
Navid Hamidi,531
حضرت آیت الله علوی …,530
Madara57,530
Visit Iran - Official Travel Guide…,530
موفقیت 98,528
Mohammad Ali Mohtashami,528
دایناماینا,527
Salman k,527
Captain Fondue,526
Azmi Home,525
lion voice,525
Mohammad Khankarami,523
Arianxo,522
Aqua Plays Team,521
milad abdoli,520
Radiomuzik,519
peskco,516
Deejay Mohsen Remix دیجی مح�…,514
Enesaad,512
aydeniz2010,511
Majid Kharatha,511
Top Mix,511
FPS God,511
سورس سرا مرجع سورس …,509
Iran Mandegar,507
Bahman Ebrahimi,506
Moein Sanjaree,504
ADAMASTIME,504
دفتر آیت الله تبری�…,503
امیر عظیمی,503
Jrsabz rsabz,502
Parham Saremi,497
NCRI Women’s Committee,497
homayoun saleh,496
H2R,496
pearly scroggs,494
Mohsen Moradi,494
Zabanyad,491
Introduction To CFD,491
Shervin Shadmehr,490
Doki Sat,490
alalam2009,488
Ehsan Salami,488
iranclassic,487
Morteza Ghahremanian,487
Shno-station,487
ایران ریچ IRANRICH,485
seydho3sein,483
باشگاه خبرنگاران,482
Shiraz Travel Guide,481
SITORAKHO,480
qudsonline tv,480
Myindustry IR,479
Hyper Planet,478
DEVIL HOOD,478
VOLGHAN Hosseini,478
simcongroup,477
Hdd Mst,476
Baranoush Motie,473
Sasan design studio,473
Garmiran,472
رضا صبّاغی کِناری,471
mohamad Mirmehdi,471
mr azari,470
آکادمی راست کلیک | �…,468
Basic Grammar,467
Blemboy,467
behroozbaash,467
مرکز متاورس فارسی,465
Amirreza Farzanegan,464
AzinMirror,464
فروشگاه راشاماشین,463
Hooshangian Trade Academy,463
Xylokill,463
Dr Peyman Boromand,462
GAME MASTER.M,462
آرمان تهویه,462
varune,461
Jalaiyan Karate Dojo - JKD,461
hossein ebrahimi,460
Ebrahim Barzkar,459
آکادمی دکلمافون,458
Music Persian Sub1,458
Soroush Kioumarsi (Q mar C),457
ali roshan,455
Hadi Dastangoo,454
Spartan Cosplay,454
ABAD RAH,454
Jasem Khodarahmi,452
کمرنگ,452
goldgold70000,450
آموزش زبان انگلیسی,449
English Blca,447
cannews,446
Aqua 021,446
behrooz ashrafi,443
Rifle N,442
Mehran Ghorbani Nezami,441
Parthianshots,441
Pezhvak,440
Advanced Dental Group,439
سابلیمینال ترکیبی,438
Shahr Crew,438
Amir Hossein Soltanzadeh,436
ویولن ایرانی با مه�…,436
Melipayamak | ملی پیامک,435
shadowy lightz,435
Hamid.q,434
Neshaneh TV,434
Sirous برادران,433
nima kimiaei,432
IR Luxecars,432
Travel Hub Iran,432
gaame no,432
TEDx Tehran,430
کلینیک پوست، مو، ل�…,429
yuzal company,429
fatemerazi. academy,429
jblmusic ir,428
Mehrdad Javidan,427
gymnastics,427
Daramad__Dollari,427
GultapehVardeh,426
سعید B,424
TVIR,424
Omid mousazadeh,423
منقضی,423
TIKA Music,423
farzin hassan,423
kahkeshannoor - کهکشان نور,422
Amir Hossein Nazari,421
Everything Everywhere,421
bomgardiiran,421
پارسی عاشق ایران,419
مصاف العربية,419
Pababrush watercolor,419
Persian Xplane,416
hiradhacker,416
ATIEHDESERSHIK آموزش انوا…,415
Mr Shabake,411
SalehSC,411
Saeed Refahi,410
DenaMedTour السیاحة الط�…,408
film baz,408
Samsungir,408
ARRMIN,407
sarvetalayi flower,406
MR HIS Gaming,406
Amir Hossein Askari,404
Ellie in Wonderlab,403
SinaMed,403
Vahid Mohammadi,402
koosha film,400
Bazmineh,400
野球直播園地,400
Balakhan TV,399
Adabestan Marefat,398
Iranian Thunder band,398
Live Instagram,395
وصفات ومنوعات,395
live amooz,395
dg video,394
4rah.videos,394
Aromede,393
revayat88,392
MIMVID MOTO,391
محمد هادی ترکاشوند,391
Iman Adham,390
dr-graphic,389
Mansur Hekmat,388
ISTANBUL,388
ORBEL David,388
SRM Music,387
Sonic Robot,386
melika sarmad,386
JV BN,385
3DEngineer,385
holygrail12345,384
محمدجواد بوستانی ش…,384
Mehdi Moghaddam,384
Kāfkust Caucasus,384
Amir Goodarzi | امیر گودر�…,383
TosanTools,383
صافی مدیا,381
Shahla Nezamvazifeh,381
Approbox,381
afagh fth,380
Mohammad Ghorbani,379
kasra refalian,377
mizbanfa,377
Chemical Blue,375
Isaminmusic,372
jouan ensemble,372
سرزمین الکترونیک,371
Snapp,371
MineBin,371
جادو و طلسم,371
تفکر و اندیشه,370
yas,369
Subrica سابریکا,369
Reza Keshavarzian,369
Mahyar Shadorvan,369
Farid_Sf,368
Dr Hadi Darvishpour,367
Abbass_tv,367
MrALFaLi,366
Winter Seminar Series - WSS,366
Havashi kade حواشی کده,366
Kaaveh,366
Art Genericx,365
مبلمان قرن 21,365
alpha 4,365
porpasokh پرپاسخ,365
█ یه داینـاسـور در…,365
RminZero,364
دروغ ها و خرافات مل…,362
WorldOfWonder Persian,362
MCTH_ir,361
brand kade,361
Molkavan series,360
Parviz Zeydi,359
naser haghighi,357
Farsi technology,357
MA MOVIE,357
EBRAHIM ABEDI,356
Persian Game Jammers (PGJ),356
IR BTC,356
Kamikaze_Zero,355
Rahad,355
dr bahmanpour,355
iranbours,355
Denakoo,355
Imostanad Mostanad,355
Yoga with Samaneh,354
Adab Visa,353
Zarghami-ez,353
هاشمی IZ,353
Beshenitar,352
safirelec com,352
Pineal Gland,352
Pouyan Pakzad,352
دکتر نیما محسنی,351
Mehdi Akbari,350
دانیال ورزیده | danial…,349
Sara arts,349
Pedram Bahaeabadi,349
Matineh Darvishian,349
Smooth444,348
sanatkaranco,347
ibasat co,347
Mohammad Rastgoo,347
حرم امام رضا,346
Poyz Jr,346
Ali Dadvar,343
arash hasanpor,342
Hossein Moeinifar,341
exirelm,341
Psy Life Exprience,340
PgGamer,340
KISHAN PATEL,339
کوران ساز,338
Persia Film Distribution,338
Majid GHiasi,338
Call of Islam Radio,337
Dr.Ali keshavarz,335
آکادمی دیجیتال مار…,335
hadi musavi,334
ariamarz,334
Utter Vision,334
Mohammadreza Amirghasemi,334
lbrahim Çelikkol Irfans,333
saeed alizadeh,333
Sahar Food Industries Co.,332
milad Taheri,332
Dj Xas,332
افسران,332
Fly Sepehran,331
خانه شنای ایران,331
LCTV Channel,330
Amin Mardomi,329
ARTHUR GAMER,329
sport pk,328
Hamid Jafari,327
GamerI,327
ShervinSouri,327
Adriana Faraz,327
20 decor,327
HESNICAL,326
IRANAMEDIA ایرانا,326
all,326
IranFunInsta,325
Hossein Hajiagha,324
looloooooooooooo888,324
Animahang انیماهنگ,323
inbo,323
Erwin,323
mos2id,323
RSTIWE,322
Blender Fars,322
Poulad Pouladin,320
Arian Akbariscience,320
Arash Bakhtiari,318
یوفون uphone,318
Mojtaba Karimi,318
کمپین #ما,317
infinity krugs,316
Tundra YouTube,316
Payam Yazdanpanah,315
Mohammadreza,315
moein hemati,314
Shafa Tajhiz,314
فلزیاب گنج طلایی 092…,313
duolingo killer,313
Mr.Trick,313
A Gh,313
نجم الدین سیداحمدی,313
Ramin Farajpour Cami,312
Boss Gaming,311
فیلم بین,311
آموزشگاه حسابداری …,310
Angel_ Seunggi,310
Herr Pouya,309
sadhguru4persian آموزه‌ها…,309
T. O.D,308
مزرعه کارآفرینی mazr…,307
Erfan Mola,306
AFDragon1337,305
Hemn khzma,304
خبرگزاری رسا,304
IT'S SABA,303
DIAKO Language Academy,303
Chery Iran,303
Rosena,302
Future City Innovation Lab,301
Revenge Productions,300
attarteb,300
Farhad Ghafourian,299
Betforward,299
Quran Channel_قناة القرآن,299
zanko science,299
MBICO 2020,298
Blue Spirit,298
amir hosseyn mehrabani,298
آموزش فارکس با نیم�…,297
masoud majd,297
Bolghan Village,295
عطر سفیر,295
mjmotion,295
vahid ranjbar,294
Farboss panda,294
MaZ TV,294
hosseinthc,293
Nima jedari seifi,293
Blue Raspberry,292
Shayan Farhadi,292
La multi de nuv,292
pumpkintron,292
Ferdos,291
Italian Embassy in Tehran,291
mahmood_mahmoodabadi,291
Fanan3D Modeling Group,291
Mo,290
Culture with Ari,290
Kamik Design,289
hanarak,288
Sassan Rap Group / ساسان رپ…,288
Nina Karami,287
rockblocks,287
Kayson INC.,287
Don King,286
FreedomMessenger3,285
Taktika Team,285
Persian Classical Music,285
iranproud serial,285
Jyro,283
fard machine,283
Razavi Hospital,283
max sajed,283
Junkymooon Show,282
Mahmoud Ahmadinejad محمود ا�…,280
nazinmusic,278
Gholamreza mansori,278
IranAmaze,278
Meysmahdavi,278
mismattia,277
Rise Core,277
JavaScript Mentor,277
جهان آرسی | JahanRC,277
کوردستان میدیا حدک…,276
سهم شناس,276
pishtazmarket,276
erfanblog,275
Bassour,274
Adakgroup,273
Fars Travel Company,273
توران پارس دات کام,273
TechSin | تکسین,273
Dorcci,273
Nama Pardaz Rayaneh NPR,272
بصیرت مالک | Basirat Malek,272
مالیات من,272
SAEED-سعید JORFI,272
tubevideo social,270
Zakeri. photo,270
standup fa,270
come Bengkulu,269
SOTI_City,268
safrizal jhon video video,268
Taxi toxic,267
mohammd MX,267
Barbad Piano,267
“ i10Tv Prod ”,267
ESMTrailersHD,266
AMIR FL,266
ARMIN GG EZ,266
Reza Delshad,265
Clark,263
labbaik.tv,263
FreedoMessengerWorld,262
xshahruz,262
filmamouz co,261
simaye shahr,259
sobhantv2,259
پروژه باور,258
MELLIZO ACHURY,257
Bts Verbal and visual iranian arti…,256
Putu Jaya Official,256
Sepid arzesh,256
Mr.engineer | mobile repair,254
University of Mazandaran - OISC,254
BIMNOTE,254
Chrcheel Math,253
Arya.N,251
googoosh international,251
فروشگاه اینترنتی آ…,250
Physics with Dr Arash Taghvaeipour,250
مجید نصیری - روانشن…,250
Kanoon Iran Novin,249
NikAmooz نیک آموز,248
Mercy killer,248
Alex Jones' INFO WAR,248
zpnegar,247
funy Clip,246
فروشگاه اینترنتی ب…,245
حریرآوا,245
Davood Jafari,245
شرکت ملی پالایش و پ…,245
Eccim Isfahan,243
SpongeRainboy,242
TechnoLand,241
اصفهان آهن,241
KURDO TV,240
Dr.Misagh Amirfajr,240
salvo vitale,240
Yana Tv,239
AtrinNovin,239
Farbod,238
Academy Tahlildadeh,238
Hamgaraii Meli,238
Ahmad SuperMan,238
imamahtv,238
Footfem TV,237
Persian Remix,236
Hossein Omidi,236
حاج محمود کریمی haj m…,235
poorya,234
JIBITEX Crypto Exchange,234
freedommessenger67,233
IREA Irana Esperanto-Asocio انج…,233
Sourena Merati,233
Mr Dj Majid,232
اجی مجی : آموزش درو�…,231
BIZMLM Co,231
kayvan ghalkhany کیوان قلخ…,230
PooriaBashari,230
shahram rezapour,229
satanvlogs,229
hosein hard,229
kian bozorgmehri,229
Mostafa Eftekhari Moghaddam,228
niusha_amany,228
Tele Boom,228
mamali the freeman,228
Anak ips,228
StartLearn,228
K2WINS,227
Hottop reaction,227
loghme show,227
The404Hacking Official,226
Payam Pars,226
Money Maker,226
amir maasomi,225
Digibaneh,225
amirhosein kashefi,225
Mona Tarashi,225
citakco,225
روشنگر نسل سوخته,223
seeyad Design Studio,223
HLGLUE IRAN,223
iPahbad Quadcopter,222
sabte farda,222
PeeymaX,222
ali ghanadi,222
Roozbeh Sh,221
FarzamTheKhan,221
پرهام رشیدی,221
WeTubez,220
The Past,220
فلزیاب طلایاب گنجی…,220
iz.Mohsen,219
Entity Studio,218
باش,217
برای هیچ,217
bahareh afshari,216
behzad bisadi,215
Anti Gravity,215
koohestan11,214
dorhatocom,214
Mohammad PCSX,214
Haxxi,213
Tripr,212
Estokland Social,212
Histogenotech,212
OJK Way,212
Hamid Forouzan,211
Mohammad Rza Hashemipour,211
विकास सिंह,210
tejaratbank,210
AliJahanii,209
shahin parsa,209
pouria gamer,209
Issarnews,209
Paranoise,209
تک رقمیا کنکور,209
mehdi shirian,208
Kamlesh raja official,208
فروشگاه اینترنتی م…,208
Sepahan Daneh,207
Farid Naseri,207
Resurrection of the Words,207
Radis safar,207
Mohammad Fathi,207
Bodigodi فروشگاه آنلای…,206
FekrBook,206
ParmanShop,205
Haamoon Hashemi,205
Data Gozar,205
Hassan Abedi,204
malinois city,204
IRAN BODY,203
Mahdi Saadati,203
Sahar TheTallWitch,202
Amin Bros123,202
Irprogram portal,201
KHODRO45,201
راست چین | RTL-Theme,201
Julian Arjah,201
Mohamadreza Shaygan,200
seo amoozesh,200
uboard ir,199
abolfazle hesaraki,199
Hashban,198
Cafe Animation | کافه انیم…,198
hamid m.jahani,196
دادسو,196
Ram CG School,196
abtinstar,194
picland,193
kafeniaz kafeniaz,193
کنکور آسان است,193
نگهبان خط فارسی,192
robot x625,192
BMT PRO DONGLE,191
CAL1440,191
آوای فاخته,191
Korosh Kabiri,190
Prof. Zoom,190
dr.saeed shams,190
SuperMamad78,190
گروه مهندسین مدرن �…,190
doobletanz,190
eu_as_m,190
Kian tabrizi,189
Abadis Online Dictionary,189
Reza Reverse,188
AtlasKara Industrial Group,188
muchitoon | مچاله,188
sahar bayat,187
Ali gol X,187
i film,185
Doctornim,185
Bardia Sadrenoori,185
salemziba,183
Moein Ashrafalsadat,183
Milad Pourhossein,182
Radio ilam,182
شرکت مهندسی آرمیکو…,181
SemkataZeus,181
saeidkermanshah,179
Persian Gulf Pro League,179
zood agahi,178
mattzerker,178
Alex Asgari,177
Harshit Gamer,177
walk_ vlog,177
idevil boy,177
Abarresana Network,175
atefe hekmati,175
Azalam Channel,174
Mohammadbagher Marashi,174
TubeGame04,174
GENICODE,174
sonytv6655 km,174
sunnydev singh sunny,173
CADD GURU ARYAN,173
Liverpool Irani,173
yanni strategy,172
Safir Sayee,172
Donya 65,171
Sam Sami,171
Cubefo,170
Behrooz Gorgin,169
Disho Mish,169
0098912,168
Hamoon Mohammadian Pour,168
خلاصه کتاب چکیده: ر…,168
Food4 Rate,167
YA music,166
Pouya BaQa,166
Game Star,165
dobl1,165
BIGKID BEATS,165
siyamak nadimi,165
شرکت بازرگانی تجار…,165
KYNSuperspeed,165
ggoorriillaaa,164
Findatour,164
moaragh ba mahdi,164
Night Vision,164
goranfx,163
Hamoon Moghaddam,163
WebZoj,163
DAMN DAMn,163
Milad Ranjbar,163
گروه صنعتی صدر,163
nclv,163
Hydra 52Hz,162
Dj_Sam_Max,161
aghayeasal,161
ARMEX,160
aloayande الوآینده,160
Naser Tavala,160
شرکت ایمن سازان اب�…,160
LopLop Company,159
OBITO UCHIHA GAMING,159
NafasHmn,159
Alireza Takalloo,158
Morad Kaveh,158
sos222,157
Aida Maghsoudi,157
omid noorafkan,157
ELEFUNGAMES,157
MoonLayers,157
پلتفرم فریلنسینگ ک…,157
Hubblebub Lumbubwub,157
انتشارات نسل نواند…,157
IRNA_1313,156
Fajr International Film Festival,156
Tooran banoo,156
Saeed Hub,155
PESAMIX,155
Mohsen Jamshidian,155
rPb2rgbsZNWgbcJ5Admcpg,154
Reyhane_ Farmani,153
Andreking !!!!,153
Parsis Mobile,153
futfa,153
mehromah dance,153
kurdistani forever,153
shabahang school,153
رضا داسيلفا,153
Mo H. Zareei,152
Amares,152
Iman Hosseini Pour,152
HOFO Visual Arts,152
Dx6190,151
BirMusic بیرموزیک,151
Learn est,151
Parsish,150
Saeed SheikhAmiri,149
True M Tech (T.M.T),149
Jazz Cafe Tehran,149
MA2YAR,149
Surveyology,148
مشاوره کنکور ایران…,148
فروشگاه مبلک,148
Faree irani,148
V P,148
Elecomco-Com-Android Learning,148
Daniel Amray,148
arash,146
Artamene,146
Mohammad Hossein Shekarchian,146
Dr. Siamak Zarei Ghanavati,146
Satrapjs,146
Yousef Ali Daher,146
daykat pack,145
Ashkan.-. maxsis,145
My DMC,145
419 شعار نویس,145
AS Tube,144
KARNEME Taghinejad,144
Noob gamerYT,144
Mostafa sali,144
Learn Marketing,144
digido ir,144
SHINE BEAUTY,143
The Triple A,143
Developing smart solutions pad ras…,143
KhabarAzMa,143
Elmiha,142
Behzad Nezakatgoo,142
شرکت آموت amutuav,142
CivilTalkPro,141
پاتوق خنده,140
Mobinsarmayeh Brokerage,140
Statistics and Experimental Designs,140
Reza Abdollahi,140
zoha3d plus,140
Abo,140
mojtaba mohebbi,139
voiceofcosmos,139
basijifaal,138
Necron Music,138
Dokmeh Noise,137
خانه کار و دیدار کا…,137
Baneh Bazar,137
Hambasstegi,137
Hip Gah,137
ProVinexel,137
شبکه راوی,136
Mohammad 1989,135
Kos Hand,134
TaLiB YouTh,133
ASHRAR _SECURITY,133
shizu,133
AraXscH | آرخش,133
IMSA MEDSAB Mentoring,133
Sadegh Zahedi,133
SB7msx7M,132
Farshad Fallah,132
Naser Bayat,132
dscampaign کمپین معلولا…,132
ZanKo Crew,131
Ali Playz,131
drabrishamkar,131
CyberCE Teacher,131
saber b,131
Pargar Co,131
Happy Game,131
Alaa SanatiSharif,131
Second,131
gayak Namu Sisodiya,131
PishRobot پیشروبات,130
Sina Danesh,130
DJ SHERKO,130
NANO PLUS,130
x_ board,130
Louarnik Messaoud 07,130
vahid22,129
مختصر و مفید,129
Foad Niestat,129
asaltanha,128
Technodot | تکنودات,128
REDEMPTiON313,128
deklame,128
Forza Pourix,128
Upvc Machine,127
MH 71,127
Sahand Babali,127
~Aryobarzan,127
Music AressPL,127
Mazyar Shirali,127
Boss,127
Islamic Azad University Isfahan (K…,127
Rasheed,126
Ahmad Yoosofan,126
Amin Ghorbanzade,125
Babak Fatholahi,125
mansour sajad,125
Gas pressure welding machine KENZA…,125
Javid Garshasbi,124
Missava Karimi,124
Ashkan Ebrahimi,124
شباهنگ .م,124
IceCream For Aliens,124
واترماگ | Watermug,123
Peyvast Art Platform,123
William Aaronson,122
pratap world music video India,122
AK88 Studios,122
mostafa nikkhah,122
NeuroChallenge,122
Brain Benders,121
Sad Songs,121
Human Rights in Iran,121
Degnan,121
Tutorial Pro,121
KWC IRAN,120
Mohammad Bakhshandeh / محمد ب…,120
مجله دانش و سلامت خ…,120
Nimsaz,119
ali علی,119
yousef khoshrang,119
Ali Gouran,119
Roozbeh Farokhi,119
FBI,119
Mohammad Marashi,118
ProudPersian,118
AnonymousHackers,118
Impassion Technology,117
Mohsen Nokteh,117
Gamer lions,117
mr keshavarz,117
hessamzz,117
حجز فنادق شيراز و ج…,117
آموزشگاه موسیقی مل…,117
Haji Look,117
Digistyle,116
Amin Zare,116
AhanMelal,116
Mr2DAnimation,116
برسی انواع خودرو,116
کلینیک تخصصی تندیس,116
ASASAN,115
Cafe Advisor,115
Farbod Green,114
sufizzz life style,114
Azadima - آزادی ما,114
DeelGap,114
hamechiz inja hast,114
Lord Arman,113
دکتر فرشید محرابی,113
Alis Drinks,113
Mehdi Bozorgmehr,113
SASh Co.,112
Behtarin Ideh,112
Viral Videos ویدیوهای وا…,111
سایبر آموز,111
Technology,111
voji1991,110
Control Switch,110
Big Tube,110
Troll Darius,110
hindi songs,109
Guitarist Daily,109
HGVanix,109
THE RAPTOR,108
gharb rezaei,108
ZigmaPrint,108
Anahita Hashemzadeh,108
Akbar Alinia 1365,107
Alireza Attari,107
Fariba Abazari,107
ostorlob,107
JANNAT TV,107
Be Cool,107
آسانگو,107
"If you love animals, come in *",107
Amir Rezakhan,106
Nasim Telecom,106
آکادمی بین‌المللی…,106
TashilGostar,106
آموزش کسب وکار آنل�…,106
محسن مقدس‌زاده,106
Vahid Mousavian,106
Mikh,106
ShepeX Gaming,106
ارگ نوازی آسان _ اح�…,106
Warlord Plisken,106
Seyed Mohammd Sajjad Tekieh,105
iBshop,105
Najwabeats,105
NICSACO (نیکسا) Power & Contr…,105
کهکشان کامپیوتر,105
Deejay Aliian,104
oopsmagazine,104
Arash Arashian,104
MR.landy_team,104
Amin Amin,104
Samira Khan,104
i pedram,104
solos market,103
iranchef.academy - WMCS farhood za…,103
په‌یامی ئاسمان,103
Varzesh 3,103
Afshin Kahhali,103
Mukhtar E Saqafi,103
Ahmad Tahani - English,103
politic,103
okuz ir,103
مستر وان موزیک,103
DJ ALI ONE,103
Orange Diamond,103
Amirhossein Monajjemi math is all,102
Philips_Agent,102
MrMeSoLonely,101
Fatemah Moshref,101
Sajad Tehrani,101
Majid ranjbar,101
تو این کانال فعالی�…,101
aigitali,101
Raging_Doc,100
Sport Times,100
Ahmadreza Saeidbakhsh,99
Ashkan Amiri,99
BenTheBox,99
Omeed Daveedof,99
spido85,98
Hamoun Sabri,98
Iran Persian Clip,98
Robin Traders,98
Eqva High Ticket Closer,98
Fact Nab,98
Anibeen,98
zorrozol,97
IR6T,97
allsamsung .ir,97
Caspianfarm,97
modire seo,97
Amir Sohrab,96
have a bagus day,96
shekare,95
abtin javid,95
Masoud Mansory,94
Mstop vid,94
JA Beats,94
صفیرسبز safiiresabz,94
Amir Masoud Rasouli,94
amunowruzco,94
Arsham AdCo,93
خط سوم شمس تبریزی,93
Hesam Dehghani,93
KANAPEH کاناپه,93
Parham Alvani,93
Amir Sarpoulaki,93
sina crg,93
Nearly elite,92
میدان,92
ItsMrEyes,92
DaneshJoy,92
Purge / Editor,91
mobin show,91
Aparat,91
hyperdorbin hyperdorbin,91
Hajultimate,91
MCboy,91
Nima_Kamkar,90
AB 2647,90
فروشگاه شیائومی سی…,90
Devarts دوآرتز,90
ooo,90
ashimashi,89
Jabekhande,89
Ян Поляков,88
Roxavior,88
Milad Superhero,87
hoopoe life,86
Slim Shady Fan Page,86
ربات یار,86
telegrampc,86
Coffee Addicted,86
Hamid Parham,86
mohamad z3tar,86
Titus Efferian,86
Nima van Ghavim,85
MY Cosmetics,85
Samira L,85
Ali Nikouey,85
Cyrus Dalili,84
kemeron,84
گروه آموزشی شیلد ا�…,84
M_I_EAGLE,84
دکوراتیو مدرن,84
افرا دیتا,84
Arman Sh,83
مدیران ایران,83
mana motor,83
Markazesh com,83
Amoozesh Sara,83
Voth,83
Sideswipe,83
Daryoush Sadeghi,83
ReSelf ریسلف,83
persian freesource,82
Xplan Show,82
irantrawell,82
We1S,82
LotusCrypto,82
Aroos Saraa,82
Kosar-bts,81
AMIR GAMER,81
Mister E,81
Dr Ansari- Laser Acupuncture,81
Nasa Electric,81
Tarafdari. com,80
سطح کاوان پرگاس,80
حال,80
teritamedtour,80
box find,80
MaxTV,80
Noor Filmco,80
Snooker_Sullivan,79
CPT Sirous,79
Bhanu 1006,79
SummerBoyIr80,78
gamesirani,78
What Song,78
Hamyar Fl,78
Robin Hood,78
ItsKmkStuff,78
TheRealS,77
30MoOorGh,77
toadstool,77
بهترینها,77
Ghasem Hossein Abadi,77
سایت ساز استارت,77
مهرداد نوری,77
mamad hosseini,77
HadisTataleety.7,77
Ali AslRousta,76
Mehrdad Zand,76
Mirhosein Garakouei,76
shahab f16,76
cauliflower,76
Hamid Ghezloo,76
Kobra2006,75
MRL HSL,75
Academy Babak Bakhtiari,75
NSTehran,75
Mir Saman Tajbakhsh,75
Mohammad Tayyeb,74
Sabzino,74
قصة عشق,74
Aba Aba,74
RB Trading group,74
dotnetyar,74
$trjker,73
MrBehzadirani,73
TaTaY_tv,73
Zana_A_M,73
zabanestoon,73
clip wall,73
Imransani Official,73
LeanRoid com,73
4fun,73
TheMoshtabaa,73
aghayeit,73
Jahan Gostar Radan Shargh,72
Banowin Co,72
فروشگاه اینترنتی پ…,72
Alireza Lotfi,72
mr byrd,72
ProK Engineers,71
گروه فنی و مهندسی س…,71
جعبه ابزار,71
reza emamian,71
hossein kazem,71
Start Crypto,70
Iran Blockchain Community,70
Ahmadreza Seyed Taheri,70
quran reader,70
ARIOFILM,70
takmuzix,70
Parsiana Language Center,70
Moh3nmonfared,70
Arash Mohammadi,70
melliblog,69
MsGooGoosh,69
RachidSalah,69
REDSHOPGSM,69
gereftam,69
Aparat Entertainment,69
kemex one,69
Ashkan _133,69
Doquetor,69
Morteza Pashaei Songs,69
abolfazlchegini,69
saeed gharibi,68
Omid Rajabi,68
Golsar,68
آکادمی آموزشی گو D.G…,68
Hayoola - Official Channel,68
ALIVEBEARZ,68
Gtr Amir,68
Ali kp,67
ArmanPardazesh nita,67
iran british,67
InventiveHive,67
key2persia,67
iman safar nezhad,67
Arshia Valiball,67
rwedam video,66
16Bit Gaming Show,66
Bembem Gaming,66
Ariel Game,66
ahmad,66
Reza Khan18,66
لوازم قنادی کیت کـت,66
Younes Faghihi,65
Ayush Gajbe,65
sina jalalian,65
Mohsen Boroofar,65
Cyrus law firm,65
Paint with me,65
SOBHAN IQ,65
BornaAbzar,65
Fedee7a,65
KOOPA Materials Testing Solutions,65
آتیه آفرینان ایران…,65
Welcome To IRAN,65
mohsen dadsetan,64
موسسه ثبت شرکت سام�…,64
TqkeL,64
MehraDh,64
Sonu rapper mazak hai kya ?,64
Mehran Zahrakar,64
Rana Story - رعنا استوری,63
KiAn Wentor,63
kisspink,63
Haji Land,63
alireza dehghani,63
Faslekharid,63
flight sciences,62
Hamshahri,62
خانه سلامت salamatol,62
Kian sa,62
HAMED TA,62
pharr,62
AFSHINAM,62
Timelapse Iran,62
Varzesh 3 - ورزش 3,62
Abbas Nouri,61
Ebrahim Ahrari Khalaf,61
معرفی کانال,61
leo amirw,61
Autoshenas,61
EMO,61
ManiBlyt,61
dr iman,61
Shadm3hr,61
Ramin,60
Farhad Mir Mohammad Sadeghi,60
Arphis,60
Atoosa Music,60
??????????,60
Iran Fortnite,60
Pixell Vlog,60
Amigos troll face,60
Folani Group,59
hosseini brothers,59
Baham Studio,59
arash hp,59
Melis lifestyle,59
کهن عایق ایران,59
Naser Jafarzadeh,59
Ackroud,58
itlogs ir,58
Dr Masoumeh Saeedi,58
mhdi_bbx,58
Vertical,58
فرهاد اکسچنج,58
itsGdublan,57
Alireza Edrisi,57
Behnam Mardani,57
Persian Music Playlist,57
Channel Mouodname,57
ARIYANMIX ONLINE MIX COLLEGE,57
sin pa,57
Reza Maleki,57
شرکت فیدار کلین,57
daystyles ir,57
Reza Amiri,57
Deda,57
Delnia Aram,57
mojfmir,57
FreakyGapple,56
DyskoПризент,56
poyeshe safare amn,56
SSepY,56
good man,55
moin samadi,55
singati,55
shabnam nazif,55
FreakiMojo,55
Iranian Culture,55
world tricking games,55
Nibblet1000,54
آژانس مسافرتی مسیر…,54
MEHRDRUM,54
hengameh asgari,54
Coffeeapps ir,54
UNITI BY BABAK VOSOUGHI,54
Mohammad Eric,54
BonGard,53
XboxOneStore,53
IMoney.Online,53
Shahin Ghayour,53
وب سایت سرود,53
Hawmi,53
نیک گالری ، نمایند�…,53
اپلیکیشن صنایع دیج…,53
Alex Dolan,53
Amir Reza Saadatfar,53
DesperadosMetin2,52
iservat بهروز ریاحی,52
(spider iran sanat (semi glass door,52
LightBlueDL&IIIFan2K9's Alternativ…,52
Naser Fakour,52
Salsa_Prog,52
Animehospital,52
Rasool Hashemi,52
Sam Taheri,52
coffee with successful mindset,52
Hossein Heydari,52
BIM Process & Softwares,52
Nima Nezafat Yazdi,51
100 playz,51
seyyedJalaleddin Dastgheib,51
Raviphotosgroup,51
Top 10 no.1,51
hamgam2,50
CoD Scofield,50
Netflix Iran,50
Arian Ghazanfari,50
Iran Account,50
Darwin 1344,50
Bazichi,50
کمپرسور سازان,50
mohammadreza karami,50
Darkclient,50
لایو های جنجالی,50
Amin.M2,49
Morteza Bahrami Animation,49
arbab_ir,49
Farar Az Hamam,49
いんすたんとばれっと,49
Hadi hosseini,49
Isarar Siddique,49
rasaneh novin,48
octopus funny,48
PersianIran,48
Farshad RahimiZand,48
sina rahmani,48
modire forosh,48
Hashtag Tehran,48
CrazyIran,48
Homayun,48
Minerlord82,48
mofz,48
Farzad Taheri,47
Seti1227,47
Kurdo_venbol,47
militaryinpersian,47
Mehrdad Azizi,47
Lie,47
Peaky.blinders.edit.,46
ChistaMedia,46
MH Safaiee,46
ویلاسه - خرید ویلا �…,46
Ramin_CPU,46
boomgraph,46
Exnovin,46
NAVID X.GAMER,46
Mamad XP,45
mrmahdihz,45
Easymarket,45
solo KING,45
Vini Mazzo,45
19kala co,45
Mr. Sazy,45
silvertine,45
HeyLadyAmnesty,44
Ahan online,44
tv sefr,44
befunim channel,44
lama craft,44
Tyfunic,44
PUBGMOBILE,44
Dr Anbara,44
McKayz,44
Romiiw,43
iloveu queen,43
مجتمع اسلامی حضرت �…,43
mahdyar mars,43
MIGHTYKAMY,43
Johahn Barney,43
Sia - The Dota2 Activist,43
Lil Mizbash,43
fun video,43
Tips For Speaking,43
Soroush Akbari,42
Nylon Sepid Sepidco,42
farzaneh Abravani,42
Phone Hub,42
Safar Journey,42
Dr. Mehrdad Bohlooli,42
shik style,42
App Babak,42
Sage,42
Troll Game,42
Mahi Marfyian,42
TireBurner GamePlay,42
ATOMIC ICONIC,42
Clara,42
Ecomotive_ir,42
Afshin Alizadeh,42
mks Bowlshot,42
Sina P.,41
AlfaBeatz,41
Iran Eco Adventure,41
Pixel sabz,41
Code Game,41
mahdi mousavi,41
Soroush TubeHD,41
Arian Dilfanian,41
AllRiZo,41
Hossein Hosseini,41
انگلیسی کاربردی و �…,41
مجله نقد فیلم‌گرد�…,41
Rockstar,41
Amir_Players,40
soheil ghazizahedi,40
Amir Ares,40
mohammad sarbandi,40
CEIT UUT,40
The VoV,40
SonNixt,40
Matthew Zola,40
About Rozita,40
Nojooyan,40
Alo Apply | موسسه مهاجر�…,40
Book Juice Tamil,40
Homayoun Assadi,39
Phantom God,39
Parto Agahi Podcast,39
Shervin Toozandeh,39
ٍEvil Sefat,39
مجرم TNTللالعاب,39
chahabechap گروه تولیدی …,39
Mehran Ghafoori,39
morteza aghabagheri,39
Amir the weirdo,38
mohammad reza,38
Abrfanet / ابرفانت,38
Zara Momadi,38
Kerman Land,38
Csharp learning,38
Mamad_Oxyis,38
MiX React,38
Mia Townsend,38
MoulinrougeIR,38
MaryaM_Kurd,37
Avangard I معرفی و بررس�…,37
googooji aghapesar,37
IR .WOLVES,37
Netbina,37
Sibte Mohd Razavi Syed,37
Kadiner,37
Sinapardazesh Soft,37
Parsiloop,37
alkhandro delavega,37
7 Tech,37
موسسه اندیشه شهید �…,37
brawli boy,37
AbutlerA,37
wiki plast,37
Bardia Agharabi,36
Arsam Babaei,36
Amir Ali Zamanian,36
1Hit Games,36
zafar,36
King Of Victory,36
Amey Kamat 666,36
کامبادن kambadan,36
Odin Visual Art,36
Geek Boy,36
phantom,36
Stones Gallery,36
Rayane pouyan,36
Pshop Tuts,36
hiss,36
Advanced skills,36
ParsianMachine,35
Ramin Khalili,35
100 km,35
payminex,35
nartitee ecolodge,35
MerGun,35
Molana jawad Hussain jawadi,35
khaterat_shad,35
Grove roast,35
Mahsa Eftekhari,35
4HPM,34
مرکز اجاره خودرو ح�…,34
Ketan Patel Online,34
Morteza Honarmand,34
Iran Hrc Travel Incoming,34
MaKimation,34
KAMRAN SAHEBI,34
Amir Hossein Rassafi,34
Websima Academy,34
BDV MovieMaking,34
CoinSeller,34
گروه آموزشی 5 درصدی…,34
payam66,33
Mohammadkeyz,33
Fahri Nur Ammar,33
Ali,33
its spectre,33
About Movies Podcast,33
Florida Man ??,33
Ladybird Entertainment Co.,33
فرزندان ایرانChildren …,33
Mr photoreading,33
MOBIN_NM,33
zero_night2mare - ダーリン,33
درمانگاه امام علی,33
Farzad A,33
Monad,32
musicalnote,32
Crypto Bitcoin,32
iran fitness114,32
یوبان آکادمی امید �…,32
MindAcademyir,32
Mahdi Shajari,32
KJ,32
Flightio - فلایتیو,32
Publo Learn,32
dorispars,32
KAVOOK,32
Go Persis DMC.,32
AN ENTIRE SLEEVE OF OREOS,32
Ardalan,31
tubewow,31
MEHRSHAD CHAKAMEH,31
آرشه فرهاد,31
Mary Hatter,31
aghazinocom آغازینو,31
Haamin TV,31
mihan co,31
دانا پرداز,31
Saleh Msk,31
How to make,31
My Smart Gene,31
LG WORLD,31
اموزشگاه لیدا - LIDA I…,31
KBRI Tehran,31
20 Bekhar,31
Amazon gadget,31
Armin,31
Azzurro Stardust,30
Mehi Channel,30
Persian Hunters,30
ASJ Studios (OLD),30
رضا مدیری,30
بابک جهانبخش,30
7TIRKESH,30
ارتباط صدای گویا,30
Now Learn,30
DmDay روزبازاریابی د�…,30
Mahdi Shasti,30
ALPHAXONE / music,30
MOSTAFA SHirizade,29
Youz WoW,29
Ehsan Baharjou,29
Awiro,29
Arjang,29
AmirAvenger,29
Ali WolF,29
Read with Me,29
Can2j,28
LaXx TV,28
آکادمی حسام محمودی,28
Hirad Rahimian,28
LuXeS,28
টেক দুনিয়া �…,28
MountaiN,28
Amir Alizadeh,28
SadraAnimator,28
BND. TAJ,27
دەنگی بانەوره | Dangi …,27
damoon mabna,27
LIODN,27
Senoghte Band,27
Top Rap,27
Shahab SarvAzimi,27
Download Farsi,27
HopeRyZz,27
Milad,27
shiraz live,27
Ultimatum TV,27
AmirAbbas Sharifi,26
Enmanuel Gonzalez,26
Hosein Shahbazi,26
MoHAmmaD,26
Badraam Band,26
pes kadeh,26
NetworkSage,26
Ramachoob,26
YOUR SIGMA,26
Mohsen Kiaee,26
n mahdavi,26
nitrugen,26
asemiracle,26
SI GAME,26
parviz naghdi,26
Eliya,26
Rashid Farsi Nejadian,26
Mojtaba Farshchi,26
saeed najafi,26
Mohammad Sameti,26
ゴールドの証,26
Hamzeh Ahmadi,26
Benyamin Razian,25
farsi techno,25
A.H Unknown,25
馬鹿 ◞‸◟,25
Taha Abtahi,25
امنیت سیستم مهر,25
Ali Mohamad Salahi,25
Ali Saadat,25
hpvdarman,25
Mahdi Meshkatee,25
Luis espinoza,25
see,25
TRD EDUCATIONAL,25
Amir Naseri,25
Rinku the rox,25
Afshar3D,25
Boss__ Mehdi300,25
wayseye,25
Mahdi Kardan,24
bahramgour,24
S.W,24
Sajad Jafari,24
Spiderphysics,24
darainvestment,24
xenon store,24
Cheshaami,24
Karligram,24
Reza Piri ghadim,24
Ramtin Rahimi,24
♡PurryPeach♡,24
Uppersia: Book Our Tour Packages &…,23
YasheN,23
Ardalan Hatamian,23
amir essay,23
Vahyd,23
Mani Poorasghar,23
Mohammad Vaezi,23
Arash Veyskarami,23
Lion Gear,23
Sportmyket,23
آموزش خیاطی فدشته,23
Masoud,23
Nasim E. S.,22
AmirBagheri,22
ballandplate,22
dannymarashi,22
iZZYMedia,22
Relaxing Zone,22
turk music,22
slateries,22
Fotros GraphiC | فطرس گراف…,22
mahdi roohi,22
ir Persiatour,22
Mohammad Mohammadigorji,22
Pankaj Study Point,22
قلمرو آریایی,22
TOSHAN,22
Kiarash_Royal guitar,22
خبر ورزشی و رکورد د…,22
Ashkan Satura,22
-COD-ALIREZA-YT-,22
entekhab center,22
amirhs,21
Pooya FB,21
Mahdi Hosseini,21
Sheffey,21
NKN,21
FINTO,21
دنیای بازی GAME WORLD,21
GOD,21
Rurufuwjwksifjd Klkrjrif,21
Kasra Tari,21
Hadi Teymouri,21
BarCod,21
AFAGH PICTURES,21
HOSEEN J,21
Faramouj,21
choromakey com,21
cod sajad,21
Mahmoud Rajabi,21
Edward Zadoorian,21
Kamyar Inanloo,20
armancinema,20
Ramin Ny,20
پیشرو آی سی,20
Mesterjey,20
archiwistamaciuś2010,20
amir0hash,20
Sourcekhone,20
NarimanTV,20
Rahman RoohiDehkordi,20
کلاسیکیات ایران,20
Reza Darooei,20
PardisanSystem,20
Setayesh Azadi,20
Hassan Alien,20
Bollywood/Hollywood,20
Zamangar,20
آموزش ابزارهای دیج…,20
rejenglish,20
Poker Face,20
Sol Music Academy,20
saleh aslan81,20
VaHid Pix,19
jhoan bermudez,19
PALM ( Paintball League Middle-Eas…,19
miners,19
Hamrahan Kareno,19
rooyan darou,19
Gol Setan College - کالج گل …,19
how you doin?,19
ako salman,19
butlerHastam,19
Jeekox,19
NooBEsQu1re,19
Amirhossein Mollaei,19
Wolf_alirezaa,19
hosein_wizard,19
دیجی موزیک,19
Tasmanii Games,19
Reza,19
COPO GAME,19
khazar transfo,19
Iran Top Gameplay Video,19
Clark Robert P.,19
Vahid Vlohaz Yazdì,18
phone repair,18
Deadness,18
mahan pahlevan,18
Manouchehr Parkhideh,18
Aden Roger,18
کسب درآمد دلاری با …,18
تهران سوئیت,18
part foam,18
Skyber Players,18
Iman soleimany zadeh,18
endless paradise,18
Animes [AMV],18
Rayane Hamrah,18
وحید قاسمی,18
Smartup Ventures,18
Pouria Takavar,18
خالد محمدی,18
IRLang,18
goproland ir,18
فیلترشکن هایپر,18
آقای تست,18
reza mamivand,18
Meysam Aghaei,18
RedAlert,18
sedaye aab,18
CRAZY POURIA,18
TehranTimesVideo,17
kasra gamer,17
Mohammad Abedinejad,17
Accelerator,17
gameandart world,17
learn today,17
ASA Studio,17
ERFAN,17
Ashkan Shahrokh,17
Sibelius tutorial,17
Majid Fazeli,17
nickmeowx,17
GodRod,17
shahyas_sh,17
Deconik Acoustic,17
Iran Delonghi,17
OreoSir,17
chivalry,16
Vali Mohammadi,16
PILLVRS,16
Arian YS,16
Captain SpyCakeerz,16
Amir Hossein J,16
Ziba Graphic,16
。,16
Elec A,16
Formoul,16
مرکز سئو ایران,16
Ferisdiary,16
Mehdi Hashemi,16
Saeb Khani,16
Nafas Group,15
appaweb,15
Habib Sarabi,15
MASK ONLINE,15
Sarah Jp English,15
Atrin Training Center,15
R fam,15
QA Rampage,15
artiintunes,15
game city16,15
DiSCONN3CT3D,15
mahdi,15
zwexrシ,15
MRGS,15
Saghri Group,15
relaxing tob IR,15
SEPY,15
Pouya,15
مجله تناسب اندام ف�…,15
drift iranmafiri,15
EK TECH,15
Dolphin ?,15
Walter Void,15
Farj International Film Festival F…,15
Kaykha,14
CanalCerrado,14
HassanFiruzabadi,14
Young Pac,14
mechatronics iran,14
Mohsen Erfani,14
cerita haircare,14
alima,14
Flashow TV,14
Indy,14
AnonymoZ Cyber,14
mansour maleki,14
propfegji,14
FBI ADNAN,14
Only Harsh Gaming,14
Alefba Safar,14
Sand Bad,14
Ramtin Jokar,14
Ehsan Delikhoun,14
Qioxyn,14
Azadeh Yoosefi,13
Senior Admin,13
AvangMusic Company,13
tomercenter,13
ajor online,13
Ehsan Vakili,13
Azad Sadeghi,13
SADHRS For SADBYS,13
hamid golmohamadi,13
Seven Travel,13
Hasan BaVafa,13
shomalmusic,13
NETHER FIRE ANIMATIONS,13
elina Mahsn,13
MehrabMKG,13
charli d'ameio fan,13
Metica,13
newsha zeighami,13
Parsa silent,13
mohammad javad haghi,13
IRAN TECHNOLOGY,13
omid mirzaee,13
Persia Traveling Center,13
Atila Amini,13
Ali Arhami,13
Jtv Vibes,13
se2119,12
Y Z,12
Chimz,12
Crazy Fox,12
APgangTV,12
Begin Natural Life,12
ممد,12
VIRA VFX,12
farbod,12
SINA DN,12
3rah سه راه نت,12
AhuraMazdaa,12
vahid maDANI,12
RRUKHO,12
M Y C,12
BanderitaX/4G,12
iden shz,12
PAPG,12
arash fasih,12
MahTaab Group,12
Gaming nation,12
rg_graff,12
Jahan Sargarmi,12
Leshuno,12
shahram jazayeri,12
ویدیو های ایرانگرد,12
Pooya,12
Noisology,12
atinshop,12
Shayrin,11
takhfifan - تخفیفان,11
محصولات شف مهر,11
باشگاه شبکه وامنیت…,11
kargah_edit,11
pooria hamidi,11
Long Phan,11
DANGER,11
Maman Paz,11
El Determiner,11
TopFact_Farsi,11
PSStar,11
Young teachers,11
قصه های من و بابام,11
DR.NIAZI دکتر نیازی,11
Cinema Shot,11
Amir Sr,11
Cletus And Fetus,11
Arad Harati,10
reformists,10
Grigory Tingus Strinkaringus,10
Hessam Xpm,10
Hossein Harimi,10
Hariom Kumar,10
Efiman,10
شبکه آموزش آنلاین �…,10
IRANIAN_CLIP,10
Rick Sanchez V2,10
isaacmoosecraft,10
green nature,10
GREATER INDIA,10
Ali EsHaqi | علی اسحاقی,10
mardmofag2,10
milad aqazade,10
UB CERT,10
Behnam Binesh,10
Navid,10
داپ اَپ - Daap App,10
Sdra Shbz,10
tarhgraphiccom,10
Shayan Nasiri rad,10
Saba Palaye,10
Naeem Malmir,10
Hadi4K,10
master prince gaming,10
علی نوری,10
farajollah,10
Sokoot !,10
Santoor Pakoohi,10
Kourosh Khademi,9
tehranmusic,9
baba computer,9
varan sound,9
OrienTahvieh Co,9
Persepolis FC,9
oops,9
Yogaraz Center,9
PQP,9
Rayanpersis Co,9
ictnovin ir,9
شرکت معماری و عمرا�…,9
Arsalan Ebrahimi,9
payam lashkari,9
Pouriya,9
Apophis Irani,9
Shams,9
mosygame7,9
baghcheh club,9
Romantic Clips,9
17Rockstone,9
MohammadJafar Nanakar,9
DumbStuff,9
S I T L,9
Yvsef,9
Alireza mirghorbani,9
pouyaandish,9
Yumyulack,9
AMIR     SH,9
علی نظری,9
Tika,9
AmoSadra,9
BaBaHooman,9
Omid Ghayour,8
Sebastian Schreiber,8
Amir Hossein Farrokhi,8
IRAN NICE MUSIC,8
D.Hgamer,8
Dr. Shahin,8
INSIGHT- Sahar English TV,8
Football bazz,8
G soni music,8
توسعه آذرخش صنعت آ�…,8
Arian Poker,8
MR JHN,8
Mosallas Design,8
Yarilone,8
Fighter For Ever MMA,8
PTE One minute,8
Meysam Ostad,8
Nima Kanaani,8
zxc,8
Joke Chanel,8
Aritunee,8
ZIM TV,8
Nato Notoriious,8
rexmovie,8
Music World,8
Sarekhat,8
Ershamtunse CNR,8
Arash Chitgar,8
BambooTech,8
Vamilon,8
Amir Farzam,8
GAME MASTER,8
nuckelle,8
Nosrat Raad,7
Mary Lynn,7
XperienceHD,7
HerrTutorial3,7
Hossein Vahabi,7
English Booster,7
реальный чи чи рэп�…,7
In Eu,7
Zhoo Studio,7
fiction studio,7
Pekanin TV,7
Pérsia Pentágono,7
VUbox,7
Rohaam Music,7
mr_ GAMER,7
AtaRadfar,7
Admin Azino777,7
Yazata,7
TEDY,7
Computer Network,7
Persian Team Gaming,7
its Amir,7
Mester NoName,7
Food Mood,7
Alessandro,7
HAMAN ARENA,7
MOHAMAD REZA,7
Amir1Almasi,7
Aryamehr .13,7
All in one Hub,7
msshd,6
Sami Bami,6
thesexsymbolsofkaraj,6
nobody,6
FORTNITE TV,6
roysa,6
arashinho jr,6
Tertin,6
Behnia Ranjbar,6
Alireza Mirhabibi,6
Hamid,6
Dario#,6
Iran Guitar TV,6
Kamrandante,6
Stargames,6
Travel Iran,6
zurna98,6
Mad DOG,6
otaku_gamer,6
buy follower,6
H2bass,6
ArashRamin,6
معهدالضاد كانون آم…,6
Masoud Ebrahimi,6
Kooche Dahom Official,6
RoseyChallangesGo,6
Farhad ZaboliPour,5
Rk Classes,5
Sajjad Aty84,5
All Sound FX,5
Maxyar,5
MisterWho,5
The Raaaven,5
ایلیا سیستم - Iliasystem,5
beautiful epic music,5
313 Amir Razmande,5
Aidin Tvf,5
40MsYT,5
لوبیا سفید,5
Clinic Behnam,5
Hassan Mansouri,5
Hesam Zoli,5
chamedoon com,5
Cinomex دانلود رایگان …,5
saeiid sharaf,5
Quantom Guys,5
TopG team,5
macat73,4
adolf harrisom,4
Kimia Music,4
Arman Am,4
PEJMAN FIRE,4
Persian War (Clash Of Clans),4
Yusef Ghavanloo,4
strijdegamer,4
Ali Ar,3
mahi mahi,3
TIR4OX,2
Toknow Plus,2
,--
,--
,--
,--
,--
,--
,--
,--
,--
,--
,--
,--
,--
,--
,--
,--
,--
,--
,--
,--
,--
,--
,--
,--
,--
,--
,--
,--
,--
,--
,--
,--
,--
,--
,--
,--
,--
,--
,--
,--
,--
,--
,--
,--
,--
,--
,--
,--
,--
,--
,--
,--
,--
,--
,--
,--
,--
,--
,--
,--
,--
,--
,--
,--
,--
,--
,--
,--
,--
,--
,--
,--
,--
,--
,--
,--
,--
,--
,--
,--
,--
,--
,--
,--
,--
,--
,--
,--
,--
,--
,--
,--
,--
,--
,--
,--
,--
,--
,--
,--
,--
,--
,--
,--
,--
,--
,--
,--
,--
,--
,--
,--
,--
,--
,--
,--
,--
,--
,--
,--
,--
,--
,--
,--
,--
,--
,--
,--
,--
,--
,--
,--
,--
,--
,--
,--
,--
,--
,--
,--
,--
,--
,--
,--
,--
,--
,--
,--
,--
,--
,--
,--
,--
,--
,--
,--
,--
,--
,--
,--
,--
,--
,--
,--
,--
,--
,--
,--
,--
,--
,--
,--
,--
,--
,--
,--
,--
,--
,--
,--
,--
,--
,--
,--
,--
,--
,--
,--
,--
,--
,--
,--
,--
,--
,--
,--
,--
,--
,--
,--
,--
,--
,--
,--
,--
,--
,--
,--
,--
,--
,--
,--
,--
,--
,--
,--
,--
,--
,--
,--
,--
,--
,--
,--
,--
,--
,--
,--
,--
,--
,--
,--
,--
,--
,--
,--
,--
,--
,--
,--
,--
,--
,--
,--
,--
,--
,--
,--
,--
,--
,--
,--
,--
,--
,--
,--
,--
,--
,--
,--
,--
,--
,--
,--
,--
,--
,--
,--
,--
,--
,--
,--
,--
,--
,--
,--
,--
,--
,--
,--
,--
,--
,--
,--
,--
,--
,--
,--
,--
,--
,--
,--
,--
,--
,--
,--
,--
,--
,--
,--
,--
,--
,--
,--
,--
,--
,--
,--
,--
,--
,--
,--
,--
,--
,--
,--
,--
,--
,--
,--
,--
,--
,--
,--
,--
,--
,--
,--
,--
,--
,--
,--
,--
,--
,--
,--
,--
,--
,--
,--
,--
,--
,--
,--
,--
,--
,--
,--
,--
,--
,--
,--
,--
,--
,--
,--
,--
,--
,--
,--
,--
,--
,--
,--
,--
,--
,--
,--
,--
,--
,--
,--
,--
,--
,--
,--
,--
,--
,--
,--
,--
,--
,--
,--
,--
,--
,--
,--
,--
,--
,--
,--
,--
,--
,--
,--
,--
,--
,--
,--
,--
,--
,--
,--
,--
,--
,--
,--
,--
,--
,--
,--
,--
,--
,--
,--
,--
,--
,--
,--
,--
,--
,--
,--
,--
,--
,--
,--
,--
,--
,--
,--
,--
,--
,--
,--
,--
,--
,--
,--
,--
,--
,--
,--
,--
,--
,--
,--
,--
,--
,--
,--
,--
,--
,--
,--
,--
,--
,--
,--
,--
,--
,--
,--
,--
,--
,--
,--
,--
,--
,--
,--
,--
,--
,--
,--
,--
,--
,--
,--
,--
,--
,--
,--
,--
,--
,--
,--
,--
,--
,--
,--
,--
,--
,--
,--
,--
,--
,--
,--
,--
,--
,--
,--
,--
,--
,--
,--
,--
,--
,--
,--
,--
,--
,--
,--
,--
,--
,--
,--
,--
,--
,--
,--
,--
,--
,--
,--
,--
,--
,--
,--
,--
,--
,--
,--
,--
,--
,--
,--
,--
,--
,--
,--
,--
,--
,--
,--
,--
,--
,--
,--
,--
,--
,--
,--
,--
,--
,--
,--
,--
,--
,--
,--
,--
,--
,--
,--
,--
,--
,--
,--
,--
,--
,--
,--
,--
,--
,--
,--
,--
,--
,--
,--
,--
,--
,--
,--
,--
,--
,--
,--
,--
,--
,--
,--
,--
,--
,--
,--
,--
,--
,--
,--
,--
,--
,--
,--
,--
,--
,--
,--
,--
,--
,--
,--
,--
,--
,--
,--
,--
,--
,--
,--
,--
,--
,--
,--
,--
,--
,--
,--
,--
,--
,--
,--
,--
,--
,--
,--
,--
,--
,--
,--
,--
,--
,--
,--
,--
,--
,--
,--
,--
,--
,--
,--
,--
,--
,--
,--
,--
,--
,--
,--
,--
,--
,--
,--
,--
,--
,--
,--
,--
,--
,--
,--
,--
,--
,--
,--
,--
,--
,--
,--
,--
,--
,--
,--
,--
,--
,--
,--
,--
,--
,--
,--
,--
,--
,--
,--
,--
,--
,--
,--
,--
,--
,--
,--
,--
,--
,--
,--
,--
,--
,--
,--
,--
,--
,--
,--
,--
,--
,--
,--
,--
,--
,--
,--
,--
,--
,--
,--
,--
,--
,--
,--
,--
,--
,--
,--
,--
,--
,--
,--
,--
,--
,--
,--
,--
,--
,--
,--
,--
,--
,--
,--
,--
,--
,--
,--
,--
,--
,--
,--
,--
,--
,--
,--
,--
,--
,--
,--
,--
,--
,--
,--
,--
,--
,--
,--
,--
,--
,--
,--
,--
,--
,--
,--
,--
,--
,--
,--
,--
,--
,--
,--
,--
,--
,--
,--
,--
,--
,--
,--
,--
,--
,--
,--
,--
,--
,--
,--
,--
,--
,--
,--
,--
,--
,--
,--
,--
,--
,--
,--
,--
,--
,--
,--
,--
,--
,--
,--
,--
,--
,--
,--
,--
,--
,--
,--
,--
,--
,--
,--
,--
,--
,--
,--
,--
,--
,--
,--
,--
,--
,--
,--
,--
,--
,--
,--
,--
,--
,--
,--
,--
,--
,--
,--
,--
,--
,--
,--
,--
,--
,--
,--
,--
,--
,--
,--
,--
,--
,--
,--
,--
,--
,--
,--
,--
,--
,--
,--
,--
,--
,--
,--
,--
,--
,--
,--
,--
,--
,--
,--
,--
,--
,--
,--
,--
,--
,--
,--
,--
,--
,--
,--
,--
,--
,--
,--
,--
,--
,--
,--
,--
,--
,--
,--
,--
,--
,--
,--
,--
,--
,--
,--
,--
,--
,--
,--
,--
,--
,--
,--
,--
,--
,--
,--
,--
,--
,--
,--
,--
,--
,--
,--
,--
,--
,--
,--
,--
,--
,--
,--
,--
,--
,--
,--
,--
,--
,--
,--
,--
,--
,--
,--
,--
,--
,--
,--
,--
,--
,--
,--
,--
,--
,--
,--
,--
,--
,--
,--
,--
,--
,--
,--
,--
,--
,--
,--
,--
,--
,--
,--
,--
,--
,--
,--
,--
,--
,--
,--
,--
,--
,--
,--
,--
,--
,--
,--
,--
,--
,--
,--
,--
,--
,--
,--
,--
,--
,--
,--
,--
,--
,--
,--
,--
,--
,--
,--
,--
,--
,--
,--
,--
,--
,--
,--
,--
,--
,--
,--
,--
,--
,--
,--
,--
,--
,--
,--
,--
,--
,--
,--
,--
,--
,--
,--
,--
,--
,--
,--
,--
,--
,--
,--
,--
,--
,--
,--
,--
,--
,--
,--
,--
,--
,--
,--
,--
,--
,--
,--
,--
,--
,--
,--
,--
,--
,--
,--
,--
,--
,--
,--
,--
,--
,--
,--
,--
,--
,--
,--
,--
,--
,--
,--
,--
,--
,--
,--
,--
,--
,--
,--
,--
,--
,--
,--
,--
,--
,--
,--
,--
,--
,--
,--
,--
,--
,--
,--
,--
,--
,--
,--
,--
,--
,--
,--
,--
,--
,--
,--
,--
,--
,--
,--
,--
,--
,--
,--
,--
,--
,--
,--
,--
,--
,--
,--
,--
,--
,--
,--
,--
,--
,--
,--
,--
,--
,--
,--
,--
,--
,--
,--
,--
,--
,--
,--
,--
,--
,--
,--
,--
,--
,--
,--
,--
,--
,--
,--
,--
,--
,--
,--
,--
,--
,--
,--
,--
,--
,--
,--
,--
,--
,--
,--
,--
,--
,--
,--
,--
,--
,--
,--
,--
,--
,--
,--
,--
,--
,--
,--
,--
,--
,--
,--
,--
,--
,--
,--
,--
,--
,--
,--
,--
,--
,--
,--
,--
,--
,--
,--
,--
,--
,--
,--
,--
,--
,--
,--
,--
,--
,--
,--
,--
,--
,--
,--
,--
,--
,--
,--
,--
,--
,--
,--
,--
,--
,--
,--
,--
,--
,--
,--
,--
,--
,--
,--
,--
,--
,--
,--
,--
,--
,--
,--
,--
,--
,--
,--
,--
,--
,--
,--
,--
,--
,--
,--
,--
,--
,--
,--
,--
,--
,--
,--
,--
,--
,--
,--
,--
,--
,--
,--
,--
,--
,--
,--
,--
,--
,--
,--
,--
,--
,--
,--
,--
,--
,--
,--
,--
,--
,--
,--
,--
,--
,--
,--
,--
,--
,--
,--
,--
,--
,--
,--
,--
,--
,--
,--
,--
,--
,--
,--
,--
,--
,--
,--
,--
,--
,--
,--
,--
,--
,--
,--
,--
,--
,--
,--
,--
,--
,--
,--
,--
,--
,--
,--
,--
,--
,--
,--
,--
,--
,--
,--
,--
,--
,--
,--
,--
,--
,--
,--
,--
,--
,--
,--
,--
,--
,--
,--
,--
,--
,--
,--
,--
,--
,--
,--
,--
,--
,--
,--
,--
,--
,--
,--
,--
,--
,--
,--
,--
,--
,--
,--
,--
,--
,--
,--
,--
,--
,--
,--
,--
,--
,--
,--
,--
,--
,--
,--
,--
,--
,--
,--
,--
,--
,--
,--
,--
,--
,--
,--
,--
,--
,--
,--
,--
,--
,--
,--
,--
,--
,--
,--
,--
,--
,--
,--
,--
,--
,--
,--
,--
,--
,--
,--
,--
,--
,--
,--
,--
,--
,--
,--
,--
,--
,--
,--
,--
,--
,--
,--
,--
,--
,--
,--
,--
,--
,--
,--
,--
,--
,--
,--
,--
,--
,--
,--
,--
,--
,--
,--
,--
,--
,--
,--
,--
,--
,--
,--
,--
,--
,--
,--
,--
,--
,--
,--
,--
,--
,--
,--
,--
,--
,--
,--
,--
,--
,--
,--
,--
,--
,--
,--
,--
,--
,--
,--
,--
,--
,--
,--
,--
,--
,--
,--
,--
,--
,--
,--
,--
,--
,--
,--
,--
,--
,--
,--
,--
,--
,--
,--
,--
,--
,--
,--
,--
,--
,--
,--
,--
,--
,--
,--
,--
,--
,--
,--
,--
,--
,--
,--
,--
,--
,--
,--
,--
,--
,--
,--
,--
,--
,--
,--
,--
,--
,--
,--
,--
,--
,--
,--
,--
,--
,--
,--
,--
,--
,--
,--
,--
,--
,--
,--
,--
,--
,--
,--
,--
,--
,--
,--
,--
,--
,--
,--
,--
,--
,--
,--
,--
,--
,--
,--
,--
,--
,--
,--
,--
,--
,--
,--
,--
,--
,--
,--
,--
,--
,--
,--
,--
,--
,--
,--
,--
,--
,--
,--
,--
,--
,--
,--
,--
,--
,--
,--
,--
,--
,--
,--
,--
,--
,--
,--
,--
,--
,--
,--
,--
,--
,--
,--
,--
,--
,--
,--
,--
,--
,--
,--
,--
,--
,--
,--
,--
,--
,--
,--
,--
,--
,--
,--
,--
,--
,--
,--
,--
,--
,--
,--
,--
,--
,--
,--
,--
,--
,--
,--
,--
,--
,--
,--
,--
,--
,--
,--
,--
,--
,--
,--
,--
,--
,--
,--
,--
,--
,--
,--
,--
,--
,--
,--
,--
,--
,--
,--
,--
,--
,--
,--
,--
,--
,--
,--
,--
,--
,--
,--
,--
,--
,--
,--
,--
,--
,--
,--
,--
,--
,--
,--
,--
,--
,--
,--
,--
,--
,--
,--
,--
,--
,--
,--
,--
,--
,--
,--
,--
,--
,--
,--
,--
,--
,--
,--
,--
,--
,--
,--
,--
,--
,--
,--
,--
,--
,--
,--
,--
,--
,--
,--
,--
,--
,--
,--
,--
,--
,--
,--
,--
,--
,--
,--
,--
,--
,--
,--
,--
,--
,--
,--
,--
,--
,--
,--
,--
,--
,--
,--
,--
,--
,--
,--
,--
,--
,--
,--
,--
,--
,--
,--
,--
,--
,--
,--
,--
,--
,--
,--
,--
,--
,--
,--
,--
,--
,--
,--
,--
,--
,--
,--
,--
,--
,--
,--
,--
,--
,--
,--
,--
,--
,--
,--
,--
,--
,--
,--
,--
,--
,--
,--
,--
,--
,--
,--
,--
,--
,--
,--
,--
,--
,--
,--
,--
,--
,--
,--
,--
,--
,--
,--
,--
,--
,--
,--
,--
,--
,--
,--
,--
,--
,--
,--
,--
,--
,--
,--
,--
,--
,--
,--
,--
,--
,--
,--
,--
,--
,--
,--
,--
,--
,--
,--
,--
,--
,--
,--
,--
,--
,--
,--
,--
,--
,--
,--
,--
,--
,--
,--
,--
,--
,--
,--
,--
,--
,--
,--
,--
,--
,--
,--
,--
,--
,--
,--
,--
,--
,--
,--
,--
,--
,--
,--
,--
,--
,--
,--
,--
,--
,--
,--
,--
,--
,--
,--
,--
,--
,--
,--
,--
,--
,--
,--
,--
,--
,--
,--
,--
,--
,--
,--
,--
,--
,--
,--
,--
,--
,--
,--
,--
,--
,--
,--
,--
,--
,--
,--
,--
,--
,--
,--
,--
,--
,--
,--
,--
,--
,--
,--
,--
,--
,--
,--
,--
,--
,--
,--
,--
,--
,--
,--
,--
,--
,--
,--
,--
,--
,--
,--
,--
,--
,--
,--
,--
,--
,--
,--
,--
,--
,--
,--
,--
,--
,--
,--
,--
,--
,--
,--
,--
,--
,--
,--
,--
,--
,--
,--
,--
,--
,--
,--
,--
,--
,--
,--
,--
,--
,--
,--
,--
,--
,--
,--
,--
,--
,--
,--
,--
,--
,--
,--
,--
,--
,--
,--
,--
,--
,--
,--
,--
,--
,--
,--
,--
,--
,--
,--
,--
,--
,--
,--
,--
,--
,--
,--
,--
,--
,--
,--
,--
,--
,--
,--
,--
,--
,--
,--
,--
,--
,--
,--
,--
,--
,--
,--
,--
,--
,--
,--
,--
,--
,--
,--
,--
,--
,--
,--
,--
,--
,--
,--
,--
,--
,--
,--
,--
,--
,--
,--
,--
,--
,--
,--
,--
,--
,--
,--
,--
,--
,--
,--
,--
,--
,--
,--
,--
,--
,--
,--
,--
,--
,--
,--
,--
,--
,--
,--
,--
,--
,--
,--
,--
,--
,--
,--
,--
,--
,--
,--
,--
,--
,--
,--
,--
,--
